Flow ID, Source IP, Source Port, Destination IP, Destination Port, Protocol, Timestamp, Flow Duration, Total Fwd Packets, Total Backward Packets,Total Length of Fwd Packets, Total Length of Bwd Packets, Fwd Packet Length Max, Fwd Packet Length Min, Fwd Packet Length Mean, Fwd Packet Length Std,Bwd Packet Length Max, Bwd Packet Length Min, Bwd Packet Length Mean, Bwd Packet Length Std,Flow Bytes/s, Flow Packets/s, Flow IAT Mean, Flow IAT Std, Flow IAT Max, Flow IAT Min,Fwd IAT Total, Fwd IAT Mean, Fwd IAT Std, Fwd IAT Max, Fwd IAT Min,Bwd IAT Total, Bwd IAT Mean, Bwd IAT Std, Bwd IAT Max, Bwd IAT Min,Fwd PSH Flags, Bwd PSH Flags, Fwd URG Flags, Bwd URG Flags, Fwd Header Length, Bwd Header Length,Fwd Packets/s, Bwd Packets/s, Min Packet Length, Max Packet Length, Packet Length Mean, Packet Length Std, Packet Length Variance,FIN Flag Count, SYN Flag Count, RST Flag Count, PSH Flag Count, ACK Flag Count, URG Flag Count, CWE Flag Count, ECE Flag Count, Down/Up Ratio, Average Packet Size, Avg Fwd Segment Size, Avg Bwd Segment Size, Fwd Header Length,Fwd Avg Bytes/Bulk, Fwd Avg Packets/Bulk, Fwd Avg Bulk Rate, Bwd Avg Bytes/Bulk, Bwd Avg Packets/Bulk,Bwd Avg Bulk Rate,Subflow Fwd Packets, Subflow Fwd Bytes, Subflow Bwd Packets, Subflow Bwd Bytes,Init_Win_bytes_forward, Init_Win_bytes_backward, act_data_pkt_fwd, min_seg_size_forward,Active Mean, Active Std, Active Max, Active Min,Idle Mean, Idle Std, Idle Max, Idle Min, Label
172.217.3.106-10.42.0.211-443-58932-6,10.42.0.211,58932,172.217.3.106,443,6,23/06/2017 10:39:46,36651,1,2,31.0,0.0,31.0,31.0,31.0,0.0,0.0,0.0,0.0,0.0,845.8159395378025,81.85315543914217,18325.5,25852.531026961366,36606.0,45.0,0,0,0,0,0,45.0,45.0,0.0,45.0,45.0,1,0,0,0,32,64,27.284385146380725,54.56877029276145,0.0,31.0,15.499999999999998,17.897858344878397,320.3333333333333,0,1,0,0,1,0,0,0,2.0,20.666666666666668,31.0,0.0,32,0,0,0,0,0,0,1,31,2,0,1656,426,0,32,0,0,0,0,0,0,0,0,BENIGN
10.42.0.211-107.178.40.242-37509-443-6,107.178.40.242,443,10.42.0.211,37509,6,23/06/2017 10:39:48,46,2,0,53.0,0.0,53.0,0.0,26.5,37.476659402887016,0,0,0,0,1152173.9130434783,43478.260869565216,46.0,0.0,46.0,46.0,46.0,46.0,0.0,46.0,46.0,0,0,0,0,0,1,0,0,0,64,0,43478.260869565216,0.0,0.0,53.0,35.33333333333333,30.599564267050166,936.3333333333334,0,1,0,0,1,0,0,0,0.0,53.0,26.5,0.0,64,0,0,0,0,0,0,2,53,0,0,265,-1,0,32,0,0,0,0,0,0,0,0,BENIGN
10.42.0.211-107.178.40.242-37509-443-6,107.178.40.242,443,10.42.0.211,37509,6,23/06/2017 10:39:49,9940831,1,2,0.0,0.0,0.0,0.0,0.0,0.0,0.0,0.0,0.0,0.0,0.0,0.30178563542625364,4970415.5,7024584.733390615,9937547.0,3284.0,0,0,0,0,0,9937547.0,9937547.0,0.0,9937547.0,9937547.0,0,0,0,0,32,76,0.10059521180875121,0.20119042361750242,0.0,0.0,0.0,0.0,0.0,0,0,0,0,1,1,0,0,2.0,0.0,0.0,0.0,32,0,0,0,0,0,0,1,0,2,0,265,2546,0,32,0,0,0,0,0,0,0,0,BENIGN
208.80.154.224-10.42.0.211-443-59934-6,208.80.154.224,443,10.42.0.211,59934,6,23/06/2017 10:40:07,41,2,0,31.0,0.0,31.0,0.0,15.5,21.920310216782973,0,0,0,0,756097.5609756097,48780.487804878045,41.0,0.0,41.0,41.0,41.0,41.0,0.0,41.0,41.0,0,0,0,0,0,1,0,0,0,64,0,48780.487804878045,0.0,0.0,31.0,20.666666666666664,17.8978583448784,320.33333333333337,0,1,0,0,1,0,0,0,0.0,31.0,15.5,0.0,64,0,0,0,0,0,0,2,31,0,0,61,-1,0,32,0,0,0,0,0,0,0,0,BENIGN
172.217.3.106-10.42.0.211-443-49881-6,10.42.0.211,49881,172.217.3.106,443,6,23/06/2017 10:40:08,36530,1,1,0.0,0.0,0.0,0.0,0.0,0.0,0.0,0.0,0.0,0.0,0.0,54.74952094169176,36530.0,0.0,36530.0,36530.0,0,0,0,0,0,0,0,0,0,0,0,0,0,0,32,32,27.37476047084588,27.37476047084588,0.0,0.0,0.0,0.0,0.0,0,0,0,0,1,1,0,0,1.0,0.0,0.0,0.0,32,0,0,0,0,0,0,1,0,1,0,3040,362,0,32,0,0,0,0,0,0,0,0,BENIGN
10.42.0.211-107.178.40.242-37510-443-6,10.42.0.211,37510,107.178.40.242,443,6,23/06/2017 10:40:08,10292938,9,9,1445.0,4591.0,693.0,0.0,160.55555555555554,267.10490032528,1448.0,0.0,510.1111111111111,659.4617965516358,586.4214862656319,1.748771827829916,605466.9411764706,2419664.6815516213,9994387.0,13.0,298373.0,37296.625,44411.36538235455,93215.0,126.0,1.0211735E7,1276466.875,3525182.3352955165,1.0000143E7,13.0,0,0,0,0,296,296,0.874385913914958,0.874385913914958,0.0,1448.0,317.6842105263158,511.33051418514236,261458.89473684205,0,0,0,1,0,0,0,0,1.0,335.3333333333333,160.55555555555554,510.1111111111111,296,0,0,0,0,0,0,9,1445,9,4591,65535,254,3,32,298373.0,0.0,298373.0,298373.0,9994387.0,0.0,9994387.0,9994387.0,BENIGN
172.217.3.106-10.42.0.211-443-34126-6,10.42.0.211,34126,172.217.3.106,443,6,23/06/2017 10:40:22,2476,2,0,31.0,0.0,31.0,0.0,15.5,21.920310216782973,0,0,0,0,12520.193861066236,807.7544426494346,2476.0,0.0,2476.0,2476.0,2476.0,2476.0,0.0,2476.0,2476.0,0,0,0,0,0,1,0,0,0,64,0,807.7544426494346,0.0,0.0,31.0,20.666666666666664,17.8978583448784,320.33333333333337,0,1,0,0,1,0,0,0,0.0,31.0,15.5,0.0,64,0,0,0,0,0,0,2,31,0,0,1421,-1,0,32,0,0,0,0,0,0,0,0,BENIGN
172.217.3.106-10.42.0.211-443-34126-6,172.217.3.106,443,10.42.0.211,34126,6,23/06/2017 10:40:22,44,2,0,0.0,0.0,0.0,0.0,0.0,0.0,0,0,0,0,0.0,45454.545454545456,44.0,0.0,44.0,44.0,44.0,44.0,0.0,44.0,44.0,0,0,0,0,0,0,0,0,0,64,0,45454.545454545456,0.0,0.0,0.0,0.0,0.0,0.0,0,0,0,0,1,0,0,0,0.0,0.0,0.0,0.0,64,0,0,0,0,0,0,2,0,0,0,362,-1,0,32,0,0,0,0,0,0,0,0,BENIGN
172.217.3.106-10.42.0.211-443-56496-6,10.42.0.211,56496,172.217.3.106,443,6,23/06/2017 10:40:25,37004,1,1,31.0,0.0,31.0,31.0,31.0,0.0,0.0,0.0,0.0,0.0,837.7472705653443,54.04821100421576,37004.0,0.0,37004.0,37004.0,0,0,0,0,0,0,0,0,0,0,1,0,0,0,32,32,27.02410550210788,27.02410550210788,0.0,31.0,20.666666666666664,17.8978583448784,320.33333333333337,0,1,0,0,1,0,0,0,1.0,31.0,31.0,0.0,32,0,0,0,0,0,0,1,31,1,0,1548,391,0,32,0,0,0,0,0,0,0,0,BENIGN
172.217.11.14-10.42.0.211-443-34190-6,10.42.0.211,34190,172.217.11.14,443,6,23/06/2017 10:40:26,37142,1,2,23.0,0.0,23.0,23.0,23.0,0.0,0.0,0.0,0.0,0.0,619.2450595013731,80.7710947175704,18571.0,26199.72045652396,37097.0,45.0,0,0,0,0,0,45.0,45.0,0.0,45.0,45.0,1,0,0,0,32,64,26.923698239190134,53.84739647838027,0.0,23.0,11.5,13.279056191361393,176.33333333333334,0,1,0,0,1,0,0,0,2.0,15.333333333333334,23.0,0.0,32,0,0,0,0,0,0,1,23,2,0,1419,362,0,32,0,0,0,0,0,0,0,0,BENIGN
10.42.0.211-107.178.40.249-59944-443-6,107.178.40.249,443,10.42.0.211,59944,6,23/06/2017 10:40:28,43,2,0,31.0,0.0,31.0,0.0,15.5,21.920310216782973,0,0,0,0,720930.2325581395,46511.62790697674,43.0,0.0,43.0,43.0,43.0,43.0,0.0,43.0,43.0,0,0,0,0,0,1,0,0,0,64,0,46511.62790697674,0.0,0.0,31.0,20.666666666666664,17.8978583448784,320.33333333333337,0,1,0,0,1,0,0,0,0.0,31.0,15.5,0.0,64,0,0,0,0,0,0,2,31,0,0,245,-1,0,32,0,0,0,0,0,0,0,0,BENIGN
10.42.0.211-107.178.40.242-37510-443-6,107.178.40.242,443,10.42.0.211,37510,6,23/06/2017 10:40:18,9915415,1,2,0.0,0.0,0.0,0.0,0.0,0.0,0.0,0.0,0.0,0.0,0.0,0.30255919696755,4957707.5,6973531.623788946,9888739.0,26676.0,0,0,0,0,0,9888739.0,9888739.0,0.0,9888739.0,9888739.0,0,0,0,0,32,76,0.10085306565585002,0.20170613131170004,0.0,0.0,0.0,0.0,0.0,0,0,0,0,1,1,0,0,2.0,0.0,0.0,0.0,32,0,0,0,0,0,0,1,0,2,0,254,1550,0,32,0,0,0,0,0,0,0,0,BENIGN
10.42.0.211-31.13.71.3-37819-443-6,10.42.0.211,37819,31.13.71.3,443,6,23/06/2017 10:41:04,36778,1,2,0.0,31.0,0.0,0.0,0.0,0.0,31.0,0.0,15.5,21.920310216782973,842.8952090923922,81.57050410571537,18389.0,25942.333588172056,36733.0,45.0,0,0,0,0,0,45.0,45.0,0.0,45.0,45.0,0,0,0,0,32,64,27.190168035238457,54.380336070476915,0.0,31.0,7.75,15.500000000000002,240.25000000000003,0,0,0,0,1,1,0,0,2.0,10.333333333333334,0.0,15.5,32,0,0,0,0,0,0,1,0,2,31,1550,122,0,32,0,0,0,0,0,0,0,0,BENIGN
157.240.0.17-10.42.0.211-443-49548-6,10.42.0.211,49548,157.240.0.17,443,6,23/06/2017 10:41:03,429533,2,0,0.0,0.0,0.0,0.0,0.0,0.0,0,0,0,0,0.0,4.656219661818766,429533.0,0.0,429533.0,429533.0,429533.0,429533.0,0.0,429533.0,429533.0,0,0,0,0,0,0,0,0,0,64,0,4.656219661818766,0.0,0.0,0.0,0.0,0.0,0.0,0,0,0,0,1,1,0,0,0.0,0.0,0.0,0.0,64,0,0,0,0,0,0,2,0,0,0,1547,-1,0,32,0,0,0,0,0,0,0,0,BENIGN
157.240.0.17-10.42.0.211-443-49548-6,10.42.0.211,49548,157.240.0.17,443,6,23/06/2017 10:41:05,1763270,2,0,0.0,0.0,0.0,0.0,0.0,0.0,0,0,0,0,0.0,1.1342562398271394,1763270.0,0.0,1763270.0,1763270.0,1763270.0,1763270.0,0.0,1763270.0,1763270.0,0,0,0,0,0,0,0,0,0,64,0,1.1342562398271394,0.0,0.0,0.0,0.0,0.0,0.0,0,0,0,0,1,1,0,0,0.0,0.0,0.0,0.0,64,0,0,0,0,0,0,2,0,0,0,1547,-1,0,32,0,0,0,0,0,0,0,0,BENIGN
157.240.0.17-10.42.0.211-443-49548-6,10.42.0.211,49548,157.240.0.17,443,6,23/06/2017 10:41:10,7056605,2,0,0.0,0.0,0.0,0.0,0.0,0.0,0,0,0,0,0.0,0.2834224106351425,7056605.0,0.0,7056605.0,7056605.0,7056605.0,7056605.0,0.0,7056605.0,7056605.0,0,0,0,0,0,0,0,0,0,64,0,0.2834224106351425,0.0,0.0,0.0,0.0,0.0,0.0,0,0,0,0,1,1,0,0,0.0,0.0,0.0,0.0,64,0,0,0,0,0,0,2,0,0,0,1547,-1,0,32,0,0,0,0,0,0,0,0,BENIGN
172.217.10.238-10.42.0.211-80-36330-6,172.217.10.238,80,10.42.0.211,36330,6,23/06/2017 10:41:20,246720,2,1,0.0,0.0,0.0,0.0,0.0,0.0,0.0,0.0,0.0,0.0,0.0,12.15953307392996,123360.0,151097.40543106623,230202.0,16518.0,246720.0,246720.0,0.0,246720.0,246720.0,0,0,0,0,0,0,0,0,0,64,32,8.106355382619974,4.053177691309987,0.0,0.0,0.0,0.0,0.0,0,0,0,0,1,1,0,0,0.0,0.0,0.0,0.0,64,0,0,0,0,0,0,2,0,1,0,340,1369,0,32,0,0,0,0,0,0,0,0,BENIGN
216.58.217.100-10.42.0.211-443-37641-6,216.58.217.100,443,10.42.0.211,37641,6,23/06/2017 10:41:32,568180,1,2,0.0,0.0,0.0,0.0,0.0,0.0,0.0,0.0,0.0,0.0,0.0,5.280016896054067,284090.0,282026.71124912973,483513.0,84667.0,0,0,0,0,0,483513.0,483513.0,0.0,483513.0,483513.0,0,0,0,0,32,64,1.7600056320180224,3.520011264036045,0.0,0.0,0.0,0.0,0.0,0,0,0,0,1,1,0,0,2.0,0.0,0.0,0.0,32,0,0,0,0,0,0,1,0,2,0,349,1593,0,32,0,0,0,0,0,0,0,0,BENIGN
172.217.9.225-10.42.0.211-443-42592-6,172.217.9.225,443,10.42.0.211,42592,6,23/06/2017 10:41:33,9963226,1,2,0.0,0.0,0.0,0.0,0.0,0.0,0.0,0.0,0.0,0.0,0.0,0.3011072919554369,4981613.0,6984376.520492004,9920313.0,42913.0,0,0,0,0,0,9920313.0,9920313.0,0.0,9920313.0,9920313.0,0,0,0,0,32,64,0.10036909731847897,0.20073819463695794,0.0,0.0,0.0,0.0,0.0,0,0,0,0,1,1,0,0,2.0,0.0,0.0,0.0,32,0,0,0,0,0,0,1,0,2,0,350,1594,0,32,0,0,0,0,0,0,0,0,BENIGN
172.217.7.163-10.42.0.211-443-49058-6,172.217.7.163,443,10.42.0.211,49058,6,23/06/2017 10:41:39,3672198,1,2,0.0,0.0,0.0,0.0,0.0,0.0,0.0,0.0,0.0,0.0,0.0,0.816949412858457,1836099.0,2453859.9348296146,3571240.0,100958.0,0,0,0,0,0,3571240.0,3571240.0,0.0,3571240.0,3571240.0,0,0,0,0,32,64,0.272316470952819,0.544632941905638,0.0,0.0,0.0,0.0,0.0,0,0,0,0,1,1,0,0,2.0,0.0,0.0,0.0,32,0,0,0,0,0,0,1,0,2,0,358,1638,0,32,0,0,0,0,0,0,0,0,BENIGN
172.217.3.106-10.42.0.211-443-53431-6,172.217.3.106,443,10.42.0.211,53431,6,23/06/2017 10:41:57,252011,2,1,0.0,0.0,0.0,0.0,0.0,0.0,0.0,0.0,0.0,0.0,0.0,11.904242275138785,126005.5,130312.00159808766,218150.0,33861.0,252011.0,252011.0,0.0,252011.0,252011.0,0,0,0,0,0,0,0,0,0,64,32,7.9361615167591895,3.9680807583795947,0.0,0.0,0.0,0.0,0.0,0,0,0,0,1,1,0,0,0.0,0.0,0.0,0.0,64,0,0,0,0,0,0,2,0,1,0,357,1726,0,32,0,0,0,0,0,0,0,0,BENIGN
157.240.0.17-10.42.0.211-443-49548-6,10.42.0.211,49548,157.240.0.17,443,6,23/06/2017 10:41:31,28239963,2,0,0.0,0.0,0.0,0.0,0.0,0.0,0,0,0,0,0.0,0.07082162253541197,2.8239963E7,0.0,2.8239963E7,2.8239963E7,2.8239963E7,2.8239963E7,0.0,2.8239963E7,2.8239963E7,0,0,0,0,0,0,0,0,0,64,0,0.07082162253541197,0.0,0.0,0.0,0.0,0.0,0.0,0,0,0,0,1,1,0,0,0.0,0.0,0.0,0.0,64,0,0,0,0,0,0,2,0,0,0,1547,-1,0,32,0,0,0,0,0,0,0,0,BENIGN
10.42.0.211-107.178.46.51-38228-443-6,10.42.0.211,38228,107.178.46.51,443,6,23/06/2017 10:39:56,112101661,27,18,793.0,521.0,53.0,0.0,29.37037037037037,23.09370235192028,55.0,0.0,28.944444444444443,23.878299826712517,11.721503395029982,0.4014213491448624,2547765.0227272725,4736407.315691522,1.1991276E7,43.0,1.12101661E8,4311602.346153846,5548286.806757682,1.1991276E7,137.0,1.12002751E8,6588397.117647058,5806908.694372343,1.2089868E7,43.0,1,0,0,0,864,576,0.24085280948691742,0.16056853965794496,0.0,55.0,29.565217391304344,23.015600674241274,529.7178743961354,0,1,0,0,1,0,0,0,0.0,30.22222222222222,29.37037037037037,28.944444444444443,864,0,0,0,0,0,0,27,793,18,521,1731,253,16,32,206558.69999999998,268885.71789766825,934853.0,81621.0,1.09937165E7,2142673.144927836,1.1991276E7,5135925.0,BENIGN
172.217.7.131-10.42.0.211-443-50040-6,172.217.7.131,443,10.42.0.211,50040,6,23/06/2017 10:42:01,250801,2,1,0.0,0.0,0.0,0.0,0.0,0.0,0.0,0.0,0.0,0.0,0.0,11.961674793960151,125400.5,126915.06062126748,215143.0,35658.0,250801.0,250801.0,0.0,250801.0,250801.0,0,0,0,0,0,0,0,0,0,64,32,7.9744498626401015,3.9872249313200507,0.0,0.0,0.0,0.0,0.0,0,0,0,0,1,1,0,0,0.0,0.0,0.0,0.0,64,0,0,0,0,0,0,2,0,1,0,362,1776,0,32,0,0,0,0,0,0,0,0,BENIGN
172.217.3.106-10.42.0.211-443-53431-6,10.42.0.211,53431,172.217.3.106,443,6,23/06/2017 10:41:57,5986450,2,0,0.0,0.0,0.0,0.0,0.0,0.0,0,0,0,0,0.0,0.3340878149821681,5986450.0,0.0,5986450.0,5986450.0,5986450.0,5986450.0,0.0,5986450.0,5986450.0,0,0,0,0,0,0,0,0,0,76,0,0.3340878149821681,0.0,0.0,0.0,0.0,0.0,0.0,0,0,0,0,1,0,0,0,0.0,0.0,0.0,0.0,76,0,0,0,0,0,0,2,0,0,0,1726,-1,0,32,0,0,0,0,0,0,0,0,BENIGN
10.42.0.211-31.13.80.8-60089-443-6,10.42.0.211,60089,31.13.80.8,443,6,23/06/2017 10:41:05,70909729,4,6,217.0,257.0,217.0,0.0,54.25,108.5,138.0,0.0,42.83333333333333,56.087134591336245,6.684555232188238,0.1410243719870936,7878858.777777778,2.150877457929988E7,6.5003912E7,38.0,5905775.0,1968591.6666666665,3359517.0504756086,5847826.0,25726.0,7.0885246E7,1.41770492E7,2.8528412504195686E7,6.5006729E7,38.0,0,0,0,0,136,200,0.05640974879483745,0.08461462319225617,0.0,217.0,43.09090909090909,73.07592564648708,5340.090909090909,0,0,0,1,0,0,0,0,1.0,47.4,54.25,42.833333333333336,136,0,0,0,0,0,0,4,217,6,257,65535,114,1,32,28974.5,4594.072757368999,32223.0,25726.0,3.5425869E7,4.182966955905459E7,6.5003912E7,5847826.0,BENIGN
10.42.0.211-31.13.80.8-60090-443-6,10.42.0.211,60090,31.13.80.8,443,6,23/06/2017 10:41:05,70864554,4,6,219.0,257.0,219.0,0.0,54.75,109.5,138.0,0.0,42.83333333333333,56.087134591336245,6.717039381917227,0.14111427272935353,7873839.333333333,2.150944215783121E7,6.5003869E7,18.0,5860641.0,1953547.0,3337161.37056451,5806969.0,26411.0,7.0842E7,1.41684E7,2.85320270386971E7,6.5007581E7,18.0,0,0,0,0,136,200,0.05644570909174141,0.08466856363761212,0.0,219.0,43.27272727272727,73.55282579084356,5410.018181818181,0,0,0,1,0,0,0,0,1.0,47.6,54.75,42.833333333333336,136,0,0,0,0,0,0,4,219,6,257,65535,114,1,32,26836.0,601.0407640085654,27261.0,26411.0,3.5405419E7,4.185852941522194E7,6.5003869E7,5806969.0,BENIGN
10.42.0.211-31.13.80.8-60090-443-6,31.13.80.8,443,10.42.0.211,60090,6,23/06/2017 10:42:16,82046,2,0,42.0,0.0,42.0,0.0,21.0,29.698484809834994,0,0,0,0,511.90795407454357,24.376569241644933,82046.0,0.0,82046.0,82046.0,82046.0,82046.0,0.0,82046.0,82046.0,0,0,0,0,0,0,0,0,0,64,0,24.376569241644933,0.0,0.0,42.0,14.0,24.24871130596428,588.0,0,0,0,0,1,1,0,0,0.0,21.0,21.0,0.0,64,0,0,0,0,0,0,2,42,0,0,114,-1,1,32,0,0,0,0,0,0,0,0,BENIGN
10.42.0.211-31.13.80.8-60089-443-6,31.13.80.8,443,10.42.0.211,60089,6,23/06/2017 10:42:16,95977,2,0,42.0,0.0,42.0,0.0,21.0,29.698484809834994,0,0,0,0,437.60484282692727,20.8383258489013,95977.0,0.0,95977.0,95977.0,95977.0,95977.0,0.0,95977.0,95977.0,0,0,0,0,0,0,0,0,0,64,0,20.8383258489013,0.0,0.0,42.0,14.0,24.24871130596428,588.0,0,0,0,0,1,1,0,0,0.0,21.0,21.0,0.0,64,0,0,0,0,0,0,2,42,0,0,114,-1,1,32,0,0,0,0,0,0,0,0,BENIGN
172.217.3.106-10.42.0.211-443-34119-6,172.217.3.106,443,10.42.0.211,34119,6,23/06/2017 10:42:17,42,2,0,55.0,0.0,55.0,0.0,27.5,38.890872965260115,0,0,0,0,1309523.8095238097,47619.04761904762,42.0,0.0,42.0,42.0,42.0,42.0,0.0,42.0,42.0,0,0,0,0,0,1,0,0,0,64,0,47619.04761904762,0.0,0.0,55.0,36.66666666666667,31.754264805429415,1008.3333333333333,0,1,0,0,1,0,0,0,0.0,55.0,27.5,0.0,64,0,0,0,0,0,0,2,55,0,0,362,-1,0,32,0,0,0,0,0,0,0,0,BENIGN
172.217.3.106-10.42.0.211-443-34119-6,172.217.3.106,443,10.42.0.211,34119,6,23/06/2017 10:42:17,159477,1,5,0.0,61.0,0.0,0.0,0.0,0.0,38.0,0.0,12.2,17.527121840165314,382.5002978485926,37.62298011625501,31895.4,53607.90793157293,124204.0,128.0,0,0,0,0,0,35273.0,8818.25,16774.326899064137,33975.0,128.0,0,0,0,0,32,172,6.2704966860425015,31.352483430212505,0.0,38.0,8.714285714285714,15.499615970665056,240.23809523809527,0,0,0,0,1,1,0,0,5.0,10.166666666666666,0.0,12.2,32,0,0,0,0,0,0,1,0,5,61,362,1909,0,32,0,0,0,0,0,0,0,0,BENIGN
10.42.0.211-31.13.80.37-53834-443-6,10.42.0.211,53834,31.13.80.37,443,6,23/06/2017 10:41:13,65086437,9,9,1404.0,750.0,1078.0,0.0,156.0,353.9897597388941,421.0,0.0,83.33333333333333,134.20040983543979,33.09445253547985,0.27655531366696257,3828613.9411764704,1.572652702812896E7,6.4856418E7,12.0,229876.0,28734.5,39550.30021197238,114412.0,1430.0,6.5063843E7,8132980.375,2.2922379723823417E7,6.4862852E7,12.0,0,0,0,0,296,296,0.13827765683348128,0.13827765683348128,0.0,1078.0,113.36842105263159,256.4584026322821,65770.91228070174,0,0,0,1,0,0,0,0,1.0,119.66666666666667,156.0,83.33333333333333,296,0,0,0,0,0,0,9,1404,9,750,65535,122,3,32,229876.0,0.0,229876.0,229876.0,6.4856418E7,0.0,6.4856418E7,6.4856418E7,BENIGN
10.42.0.211-31.13.80.37-53834-443-6,31.13.80.37,443,10.42.0.211,53834,6,23/06/2017 10:42:18,57718,1,4,0.0,42.0,0.0,0.0,0.0,0.0,42.0,0.0,10.5,21.0,727.6759416473197,86.6280882913476,14429.5,28525.883947741215,57218.0,56.0,0,0,0,0,0,500.0,166.66666666666669,136.36104037933026,319.0,56.0,0,0,0,0,32,140,17.32561765826952,69.30247063307807,0.0,42.0,7.0,17.146428199482248,294.0,0,0,0,0,1,1,0,0,4.0,8.4,0.0,10.5,32,0,0,0,0,0,0,1,0,4,42,122,1403,0,32,0,0,0,0,0,0,0,0,BENIGN
8.0.6.4-8.6.0.1-0-0-0,8.6.0.1,0,8.0.6.4,0,0,23/06/2017 10:40:03,93798406,3,0,0.0,0.0,0.0,0.0,0.0,0.0,0,0,0,0,0.0,0.031983485945379496,4.6899203E7,1737303.37861929,4.8127662E7,4.5670744E7,9.3798406E7,4.6899203E7,1737303.37861929,4.8127662E7,4.5670744E7,0,0,0,0,0,0,0,0,0,0,0,0.031983485945379496,0.0,0.0,0.0,0.0,0.0,0.0,0,0,0,0,0,0,0,0,0.0,0.0,0.0,0.0,0,0,0,0,0,0,0,3,0,0,0,-1,-1,0,0,0,0,0,0,4.6899203E7,1737303.37861929,4.8127662E7,4.5670744E7,BENIGN
172.217.11.14-10.42.0.211-443-33463-6,172.217.11.14,443,10.42.0.211,33463,6,23/06/2017 10:42:23,246379,2,1,0.0,0.0,0.0,0.0,0.0,0.0,0.0,0.0,0.0,0.0,0.0,12.17636243348662,123189.5,132141.99394779844,216628.0,29751.0,246379.0,246379.0,0.0,246379.0,246379.0,0,0,0,0,0,0,0,0,0,64,32,8.117574955657748,4.058787477828874,0.0,0.0,0.0,0.0,0.0,0,0,0,0,1,1,0,0,0.0,0.0,0.0,0.0,64,0,0,0,0,0,0,2,0,1,0,357,1727,0,32,0,0,0,0,0,0,0,0,BENIGN
169.45.214.250-10.42.0.211-443-49013-6,10.42.0.211,49013,169.45.214.250,443,6,23/06/2017 10:40:46,119993094,37,32,995.0,665.0,243.0,0.0,26.891891891891902,53.925248561619384,67.0,0.0,20.781249999999996,25.249381180535888,13.834129487485338,0.575033093154511,1764604.323529412,7231065.857712392,5.0999295E7,513.0,1.1992115E8,3331143.0555555564,9735244.384830177,5.0999295E7,1370.0,1.19920786E8,3868412.451612903,1.0445089459849574E7,5.1110978E7,513.0,1,0,0,0,1184,1024,0.30835107893792624,0.26668201421658483,0.0,243.0,23.75714285714285,42.652432764192156,1819.2300207039327,0,1,0,0,1,0,0,0,0.0,24.10144927536232,26.89189189189189,20.78125,1184,0,0,0,0,0,0,37,995,32,665,1737,514,25,32,1381545.0,1651291.7024673442,3215441.0,127493.0,2.21377828E7,1.7681468719245475E7,5.0999295E7,6469537.0,BENIGN
173.194.207.100-10.42.0.211-443-42702-6,173.194.207.100,443,10.42.0.211,42702,6,23/06/2017 10:42:54,258272,2,1,0.0,0.0,0.0,0.0,0.0,0.0,0.0,0.0,0.0,0.0,0.0,11.615661008549127,129136.0,145902.99901646984,232305.0,25967.0,258272.0,258272.0,0.0,258272.0,258272.0,0,0,0,0,0,0,0,0,0,64,32,7.743774005699418,3.871887002849709,0.0,0.0,0.0,0.0,0.0,0,0,0,0,1,1,0,0,0.0,0.0,0.0,0.0,64,0,0,0,0,0,0,2,0,1,0,378,1727,0,32,0,0,0,0,0,0,0,0,BENIGN
172.217.7.131-10.42.0.211-443-50040-6,10.42.0.211,50040,172.217.7.131,443,6,23/06/2017 10:42:01,64598976,3,0,31.0,0.0,31.0,0.0,10.333333333333332,17.8978583448784,0,0,0,0,0.47988376781700076,0.046440364627451686,3.2299488E7,4.567784648564827E7,6.4598603E7,373.0,6.4598976E7,3.2299488E7,4.567784648564827E7,6.4598603E7,373.0,0,0,0,0,0,0,0,0,0,108,0,0.046440364627451686,0.0,0.0,31.0,7.75,15.500000000000002,240.25000000000003,0,0,0,0,1,0,0,0,0.0,10.333333333333334,10.333333333333334,0.0,108,0,0,0,0,0,0,3,31,0,0,1776,-1,1,32,0,0,0,0,6.4598603E7,0.0,6.4598603E7,6.4598603E7,BENIGN
172.217.3.106-10.42.0.211-443-51573-6,172.217.3.106,443,10.42.0.211,51573,6,23/06/2017 10:43:34,241912,2,0,0.0,0.0,0.0,0.0,0.0,0.0,0,0,0,0,0.0,8.267469162340024,241912.0,0.0,241912.0,241912.0,241912.0,241912.0,0.0,241912.0,241912.0,0,0,0,0,0,0,0,0,0,64,0,8.267469162340024,0.0,0.0,0.0,0.0,0.0,0.0,0,0,0,0,1,1,0,0,0.0,0.0,0.0,0.0,64,0,0,0,0,0,0,2,0,0,0,391,-1,0,32,0,0,0,0,0,0,0,0,BENIGN
172.217.11.42-10.42.0.211-443-39281-6,10.42.0.211,39281,172.217.11.42,443,6,23/06/2017 10:39:45,413240,22,41,897.0,50838.0,634.0,0.0,40.77272727272728,138.75155316786007,1418.0,0.0,1239.9512195121952,448.416823458906,125193.59210144226,152.45377988578065,6665.1612903225805,18251.435026620125,107747.0,13.0,413240.0,19678.095238095237,31678.473501582685,107747.0,69.0,368403.0,9210.074999999997,27371.978658125856,148870.0,13.0,0,0,0,0,712,1320,53.237827896621816,99.21595198915884,0.0,1418.0,808.359375,686.6081659589463,471430.7735615079,0,0,0,1,0,0,0,0,1.0,821.1904761904761,40.77272727272727,1239.9512195121952,712,0,0,0,0,0,0,22,897,41,50838,65535,350,3,32,0,0,0,0,0,0,0,0,BENIGN
172.217.3.106-10.42.0.211-443-38194-6,172.217.3.106,443,10.42.0.211,38194,6,23/06/2017 10:39:45,933317,5,4,1059.0,1351.0,562.0,0.0,211.8,290.92816982891156,1317.0,0.0,337.75,653.030052907215,2582.1880454336524,9.64302589581032,116664.62499999999,183679.86447305346,439257.0,2493.0,930824.0,232706.0,236120.43313106132,482324.0,19433.0,540615.0,180205.0,224468.71389349565,439257.0,43246.0,0,0,0,0,160,128,5.357236608783511,4.285789287026809,0.0,1317.0,241.0,436.8686555730706,190854.22222222222,0,0,0,0,1,0,0,0,0.0,267.77777777777777,211.8,337.75,160,0,0,0,0,0,0,5,1059,4,1351,1622,1523,2,32,0,0,0,0,0,0,0,0,BENIGN
172.217.3.106-10.42.0.211-443-53343-6,10.42.0.211,53343,172.217.3.106,443,6,23/06/2017 10:39:46,230458,8,5,2911.0,608.0,1368.0,0.0,363.875,593.8514574970989,465.0,0.0,121.6,201.70597413066375,15269.59359189093,56.40941082539986,19204.833333333332,20614.838670827437,56572.0,564.0,230458.0,32922.57142857143,34269.56370628385,98241.0,856.0,151905.0,37976.25,25763.398706627715,59401.0,564.0,0,0,0,0,264,168,34.71348358486145,21.695927240538406,0.0,1368.0,251.35714285714283,470.67915041709955,221538.86263736262,0,0,0,1,0,0,0,0,0.0,270.6923076923077,363.875,121.6,264,0,0,0,0,0,0,8,2911,5,608,65535,383,4,32,0,0,0,0,0,0,0,0,BENIGN
172.217.3.106-10.42.0.211-443-53343-6,10.42.0.211,53343,172.217.3.106,443,6,23/06/2017 10:43:46,244352,2,1,0.0,0.0,0.0,0.0,0.0,0.0,0.0,0.0,0.0,0.0,0.0,12.277370350969093,122176.0,168825.98664897535,241554.0,2798.0,241554.0,241554.0,0.0,241554.0,241554.0,0,0,0,0,0,0,0,0,0,64,32,8.184913567312728,4.092456783656364,0.0,0.0,0.0,0.0,0.0,0,0,0,0,1,1,0,0,0.0,0.0,0.0,0.0,64,0,0,0,0,0,0,2,0,1,0,383,383,0,32,0,0,0,0,0,0,0,0,BENIGN
172.217.10.40-10.42.0.211-443-50377-6,10.42.0.211,50377,172.217.10.40,443,6,23/06/2017 10:39:58,243550,8,7,1005.0,4388.0,745.0,0.0,125.62499999999999,258.1864982084517,1418.0,0.0,626.8571428571429,617.291780973263,22143.297064257855,61.588996099363584,17396.428571428572,19069.46314727488,51322.0,6.0,243550.0,34792.857142857145,30013.409916394434,89046.0,1316.0,168550.0,28091.666666666668,31351.541299697958,66962.0,6.0,0,0,0,0,264,232,32.84746458632724,28.74153151303634,0.0,1418.0,337.0625,504.11909555183485,254136.06249999997,0,0,0,1,0,0,0,0,0.0,359.53333333333336,125.625,626.8571428571429,264,0,0,0,0,0,0,8,1005,7,4388,65535,352,3,32,0,0,0,0,0,0,0,0,BENIGN
173.194.207.100-10.42.0.211-443-42702-6,10.42.0.211,42702,173.194.207.100,443,6,23/06/2017 10:42:54,65490515,3,0,31.0,0.0,31.0,0.0,10.333333333333332,17.8978583448784,0,0,0,0,0.47335098830723804,0.045808160158764974,3.27452575E7,4.6307592249439105E7,6.548967E7,845.0,6.5490515E7,3.27452575E7,4.6307592249439105E7,6.548967E7,845.0,0,0,0,0,0,0,0,0,0,108,0,0.045808160158764974,0.0,0.0,31.0,7.75,15.500000000000002,240.25000000000003,0,0,0,0,1,0,0,0,0.0,10.333333333333334,10.333333333333334,0.0,108,0,0,0,0,0,0,3,31,0,0,1727,-1,1,32,0,0,0,0,6.548967E7,0.0,6.548967E7,6.548967E7,BENIGN
172.217.7.4-10.42.0.211-443-54319-6,10.42.0.211,54319,172.217.7.4,443,6,23/06/2017 10:41:31,94775355,21,26,5791.0,7065.0,1368.0,0.0,275.7619047619047,478.4117373938379,1418.0,0.0,271.7307692307692,413.14806621281014,135.64707829371886,0.4959095114969498,2060333.8043478257,8565983.91234904,4.7533466E7,12.0,9.4775355E7,4738767.75,1.2665949968566032E7,4.7533466E7,12.0,9.4735476E7,3789419.0399999996,1.1469993882555842E7,4.7651127E7,12.0,0,0,0,0,680,840,0.221576590243318,0.2743329212536318,0.0,1418.0,267.8333333333334,435.603974608859,189750.8226950355,0,0,0,1,0,0,0,0,1.0,273.531914893617,275.76190476190476,271.7307692307692,680,0,0,0,0,0,0,21,5791,26,7065,65535,455,10,32,225992.66666666666,109458.3424017253,347220.0,134410.0,3.1320187666666668E7,1.6647668424527632E7,4.7533466E7,1.426972E7,BENIGN
10.42.0.211-107.178.46.51-38228-443-6,10.42.0.211,38228,107.178.46.51,443,6,23/06/2017 10:42:00,108697113,20,10,460.0,460.0,46.0,0.0,23.0,23.597502097958543,46.0,46.0,46.0,0.0,8.46388624875437,0.2759962907202512,3748176.3103448274,5611333.604032106,1.2020783E7,2344.0,1.08697113E8,5720900.684210526,6088340.603821346,1.2020783E7,93807.0,1.08594079E8,1.2066008777777778E7,36334.73070554447,1.211519E7,1.2006795E7,1,0,0,0,640,320,0.18399752714683415,0.09199876357341708,0.0,46.0,31.161290322580648,21.85878431232861,477.80645161290323,0,1,0,0,1,0,0,0,0.0,32.2,23.0,46.0,640,0,0,0,0,0,0,20,460,10,460,1731,253,9,32,98611.22222222222,2117.594258691792,101033.0,93807.0,1.1967354999999998E7,36932.21465062699,1.2020783E7,1.1908578E7,BENIGN
172.217.11.14-10.42.0.211-443-33463-6,10.42.0.211,33463,172.217.11.14,443,6,23/06/2017 10:42:23,105994792,2,0,0.0,0.0,0.0,0.0,0.0,0.0,0,0,0,0,0.0,0.018868851594142474,1.05994792E8,0.0,1.05994792E8,1.05994792E8,1.05994792E8,1.05994792E8,0.0,1.05994792E8,1.05994792E8,0,0,0,0,0,0,0,0,0,76,0,0.018868851594142474,0.0,0.0,0.0,0.0,0.0,0.0,0,0,0,0,1,0,0,0,0.0,0.0,0.0,0.0,76,0,0,0,0,0,0,2,0,0,0,1727,-1,0,32,0,0,0,0,0,0,0,0,BENIGN
172.217.11.14-10.42.0.211-443-34444-6,10.42.0.211,34444,172.217.11.14,443,6,23/06/2017 10:39:47,30530031,14,18,12368.0,1508.0,1368.0,0.0,883.4285714285716,627.4552652501292,495.0,0.0,83.77777777777777,165.07237469936905,454.5033052865226,1.048148296999764,984839.7096774192,5364993.025974977,2.9891004E7,9.0,3.0530031E7,2348463.923076923,8276479.79660065,2.9891004E7,9.0,3.0486547E7,1793326.294117647,7268976.958320466,2.9999981E7,11.0,0,0,0,0,460,576,0.4585648799373967,0.5895834170623672,0.0,1368.0,461.9393939393939,598.5277217574147,358235.4337121212,0,0,0,0,1,0,0,0,1.0,476.375,883.4285714285714,83.77777777777777,460,0,0,0,0,0,0,14,12368,18,1508,2985,1046,10,32,493555.0,0.0,493555.0,493555.0,2.9891004E7,0.0,2.9891004E7,2.9891004E7,BENIGN
172.217.3.106-10.42.0.211-443-46393-6,10.42.0.211,46393,172.217.3.106,443,6,23/06/2017 10:40:22,392922,8,8,1166.0,4407.0,846.0,0.0,145.75,292.59516156530776,1418.0,0.0,550.875,628.3437270202626,14183.47661876912,40.72055013463232,26194.8,27581.935043481943,84388.0,6.0,392922.0,56131.71428571429,73345.93004776358,215562.0,3324.0,301932.0,43133.14285714286,38478.2570959608,89454.0,6.0,0,0,0,0,264,264,20.36027506731616,20.36027506731616,0.0,1418.0,327.8235294117647,508.28661148191253,258355.2794117647,0,0,0,1,0,0,0,0,1.0,348.3125,145.75,550.875,264,0,0,0,0,0,0,8,1166,8,4407,65535,362,3,32,0,0,0,0,0,0,0,0,BENIGN
172.217.3.106-10.42.0.211-443-38777-6,10.42.0.211,38777,172.217.3.106,443,6,23/06/2017 10:40:22,1313735,16,15,3720.0,8454.0,1368.0,0.0,232.49999999999994,460.5467764878323,1418.0,0.0,563.6,671.5880752791423,9266.709039494266,23.596844112397093,43791.16666666666,96566.23880513967,452931.0,8.0,1313735.0,87582.33333333333,142350.78406410926,452931.0,8.0,1270998.0,90785.57142857143,171458.8915000257,622444.0,13.0,0,0,0,0,532,488,12.17901631607592,11.417827796321175,0.0,1418.0,380.4375,581.8243243066061,338519.54435483867,0,0,0,1,0,0,0,0,0.0,392.7096774193548,232.5,563.6,532,0,0,0,0,0,0,16,3720,15,8454,65535,426,6,32,0,0,0,0,0,0,0,0,BENIGN
172.217.7.4-10.42.0.211-443-55801-6,10.42.0.211,55801,172.217.7.4,443,6,23/06/2017 10:40:24,675201,18,23,1689.0,17086.0,645.0,0.0,93.83333333333334,208.23042948787744,1418.0,0.0,742.8695652173913,652.8768019902952,27806.53464672001,60.722658882318,16880.025,36947.196197350524,203747.0,12.0,675201.0,39717.70588235295,57408.06177790353,203747.0,97.0,634922.0,28860.09090909091,63304.35680553725,284365.0,12.0,0,0,0,0,584,744,26.658728289798148,34.06393059251985,0.0,1418.0,447.0238095238095,596.1841869633356,355435.58478513354,0,0,0,1,0,0,0,0,1.0,457.9268292682927,93.83333333333333,742.8695652173913,584,0,0,0,0,0,0,18,1689,23,17086,65535,360,5,32,0,0,0,0,0,0,0,0,BENIGN
172.217.7.4-10.42.0.211-443-55801-6,10.42.0.211,55801,172.217.7.4,443,6,23/06/2017 10:44:25,244393,2,1,0.0,0.0,0.0,0.0,0.0,0.0,0.0,0.0,0.0,0.0,0.0,12.275310667654148,122196.5,125399.02368240352,210867.0,33526.0,210867.0,210867.0,0.0,210867.0,210867.0,0,0,0,0,0,0,0,0,0,64,32,8.183540445102764,4.091770222551382,0.0,0.0,0.0,0.0,0.0,0,0,0,0,1,1,0,0,0.0,0.0,0.0,0.0,64,0,0,0,0,0,0,2,0,1,0,360,360,0,32,0,0,0,0,0,0,0,0,BENIGN
172.217.3.106-10.42.0.211-443-47849-6,10.42.0.211,47849,172.217.3.106,443,6,23/06/2017 10:40:25,254635,8,7,2572.0,881.0,1368.0,0.0,321.49999999999994,528.8170085874967,497.0,0.0,125.85714285714285,189.14670547084924,13560.58672217095,58.90784848901369,18188.214285714286,23753.39336463666,77930.0,41.0,254635.0,36376.42857142857,41888.81082443991,121793.0,761.0,213754.0,35625.666666666664,30996.41758440266,80531.0,41.0,0,0,0,0,264,232,31.41751919414063,27.490329294873053,0.0,1368.0,215.81250000000003,397.053181786353,157651.22916666666,0,0,0,1,0,0,0,0,0.0,230.2,321.5,125.85714285714286,264,0,0,0,0,0,0,8,2572,7,881,65535,383,4,32,0,0,0,0,0,0,0,0,BENIGN
172.217.3.106-10.42.0.211-443-51573-6,10.42.0.211,51573,172.217.3.106,443,6,23/06/2017 10:43:35,53028778,3,0,31.0,0.0,31.0,0.0,10.333333333333332,17.8978583448784,0,0,0,0,0.584588239993009,0.056573055483194426,2.6514389E7,3.749547268590727E7,5.3027692E7,1086.0,5.3028778E7,2.6514389E7,3.749547268590727E7,5.3027692E7,1086.0,0,0,0,0,0,0,0,0,0,108,0,0.056573055483194426,0.0,0.0,31.0,7.75,15.500000000000002,240.25000000000003,0,0,0,0,1,0,0,0,0.0,10.333333333333334,10.333333333333334,0.0,108,0,0,0,0,0,0,3,31,0,0,1637,-1,1,32,0,0,0,0,5.3027692E7,0.0,5.3027692E7,5.3027692E7,BENIGN
8.0.6.4-8.6.0.1-0-0-0,8.6.0.1,0,8.0.6.4,0,0,23/06/2017 10:42:22,88474319,3,0,0.0,0.0,0.0,0.0,0.0,0.0,0,0,0,0,0.0,0.03390814457695911,4.42371595E7,9867.67513145827,4.4244137E7,4.4230182E7,8.8474319E7,4.42371595E7,9867.67513145827,4.4244137E7,4.4230182E7,0,0,0,0,0,0,0,0,0,0,0,0.03390814457695911,0.0,0.0,0.0,0.0,0.0,0.0,0,0,0,0,0,0,0,0,0.0,0.0,0.0,0.0,0,0,0,0,0,0,0,3,0,0,0,-1,-1,0,0,0,0,0,0,4.42371595E7,9867.67513145827,4.4244137E7,4.4230182E7,BENIGN
169.45.214.250-10.42.0.211-443-49013-6,10.42.0.211,49013,169.45.214.250,443,6,23/06/2017 10:42:46,114340768,36,27,1037.0,675.0,259.0,0.0,28.80555555555556,64.7866033085079,67.0,0.0,25.0,24.58423509862805,14.972787308897558,0.550984579708263,1844205.9354838713,6151831.533043847,3.2435717E7,44.0,1.14340768E8,3266879.085714286,7945589.558273753,3.2435717E7,98.0,1.14295792E8,4395992.0,9020894.721570423,3.2512077E7,44.0,1,0,0,0,1152,864,0.31484833126186457,0.2361362484463984,0.0,259.0,30.79687499999999,58.51961540291222,3424.5453869047615,0,1,0,0,1,0,0,0,0.0,31.285714285714285,28.805555555555557,25.0,1152,0,0,0,0,0,0,36,1037,27,675,1737,514,20,32,1454537.2,1553341.9761294355,3144478.0,128677.0,2.13890756E7,7469768.93190792,3.2435717E7,1.6151013E7,BENIGN
10.42.0.211-107.178.46.51-38228-443-6,10.42.0.211,38228,107.178.46.51,443,6,23/06/2017 10:44:01,108656694,20,10,460.0,460.0,46.0,0.0,23.0,23.597502097958543,46.0,46.0,46.0,0.0,8.467034713940404,0.27609895806327406,3746782.5517241377,5599355.081057503,1.1985423E7,6365.0,1.08656694E8,5718773.368421053,6072000.63330858,1.1985423E7,97731.0,1.08551431E8,1.2061270111111112E7,14465.12833890906,1.2083614E7,1.2044015E7,1,0,0,0,640,320,0.1840659720421827,0.09203298602109135,0.0,46.0,31.161290322580648,21.85878431232861,477.80645161290323,0,1,0,0,1,0,0,0,0.0,32.2,23.0,46.0,640,0,0,0,0,0,0,20,460,10,460,1731,253,9,32,112845.77777777778,40173.27017986517,219621.0,97731.0,1.1948404E7,36396.3271773402,1.1985423E7,1.1858493E7,BENIGN
8.0.6.4-8.6.0.1-0-0-0,8.6.0.1,0,8.0.6.4,0,0,23/06/2017 10:44:42,96257712,3,0,0.0,0.0,0.0,0.0,0.0,0.0,0,0,0,0,0.0,0.031166333976440246,4.8128856E7,651.9524522539969,4.8129317E7,4.8128395E7,9.6257712E7,4.8128856E7,651.9524522539969,4.8129317E7,4.8128395E7,0,0,0,0,0,0,0,0,0,0,0,0.031166333976440246,0.0,0.0,0.0,0.0,0.0,0.0,0,0,0,0,0,0,0,0,0.0,0.0,0.0,0.0,0,0,0,0,0,0,0,3,0,0,0,-1,-1,0,0,0,0,0,0,4.8128856E7,651.9524522539969,4.8129317E7,4.8128395E7,BENIGN
10.42.0.211-107.178.46.51-38228-443-6,10.42.0.211,38228,107.178.46.51,443,6,23/06/2017 10:46:01,108806220,20,10,460.0,460.0,46.0,0.0,23.0,23.597502097958543,46.0,46.0,46.0,0.0,8.45539896524298,0.2757195314753146,3751938.6206896557,5616323.760773745,1.2005007E7,7022.0,1.0880622E8,5726643.157894737,6093539.7764817495,1.2005007E7,98393.0,1.08707195E8,1.2078577222222222E7,16281.680501239603,1.2109626E7,1.2056782E7,1,0,0,0,640,320,0.18381302098354305,0.09190651049177152,0.0,46.0,31.161290322580648,21.85878431232861,477.80645161290323,0,1,0,0,1,0,0,0,0.0,32.2,23.0,46.0,640,0,0,0,0,0,0,20,460,10,460,1731,253,9,32,100102.88888888889,2427.938912145673,104779.0,98393.0,1.1978474333333334E7,15070.010102849861,1.2005007E7,1.1958181E7,BENIGN
172.217.10.234-10.42.0.211-443-35552-6,10.42.0.211,35552,172.217.10.234,443,6,23/06/2017 10:44:28,302592,10,9,3314.0,1071.0,1368.0,0.0,331.4,569.0712121030587,568.0,0.0,118.99999999999999,196.30078960615518,14491.460448392554,62.790820642978,16810.666666666668,24865.355757382127,95336.0,42.0,302592.0,33621.333333333336,44365.88640216715,140719.0,695.0,227569.0,28446.124999999996,34296.84765788041,95336.0,42.0,0,0,0,0,328,296,33.04780033840947,29.743020304568525,0.0,1368.0,219.24999999999997,428.40879088233373,183534.09210526315,0,0,0,1,0,0,0,0,0.0,230.78947368421052,331.4,119.0,328,0,0,0,0,0,0,10,3314,9,1071,65535,383,5,32,0,0,0,0,0,0,0,0,BENIGN
172.217.7.4-10.42.0.211-443-54319-6,10.42.0.211,54319,172.217.7.4,443,6,23/06/2017 10:44:00,49122848,9,10,2638.0,1578.0,1299.0,0.0,293.1111111111111,562.5752048491927,571.0,0.0,157.8,217.98154865849438,85.82564268260668,0.3867853915961876,2729047.1111111105,1.1506948735138336E7,4.8836575E7,30.0,4.9122848E7,6140356.0,1.725191560143821E7,4.8836575E7,98.0,4.9040824E7,5448980.444444445,1.6303266457435977E7,4.8924332E7,30.0,1,0,0,0,288,320,0.18321413286135202,0.2035712587348356,0.0,1299.0,275.75000000000006,467.2678568016422,218339.25000000003,0,1,0,0,1,0,0,0,1.0,290.2631578947368,293.1111111111111,157.8,288,0,0,0,0,0,0,9,2638,10,1578,1859,498,3,32,145200.0,0.0,145200.0,145200.0,4.8836575E7,0.0,4.8836575E7,4.8836575E7,BENIGN
172.217.7.4-10.42.0.211-443-54319-6,10.42.0.211,54319,172.217.7.4,443,6,23/06/2017 10:48:49,250438,2,1,0.0,0.0,0.0,0.0,0.0,0.0,0.0,0.0,0.0,0.0,0.0,11.979012769627612,125219.0,146335.748366556,228694.0,21744.0,228694.0,228694.0,0.0,228694.0,228694.0,0,0,0,0,0,0,0,0,0,64,32,7.986008513085075,3.9930042565425374,0.0,0.0,0.0,0.0,0.0,0,0,0,0,1,1,0,0,0.0,0.0,0.0,0.0,64,0,0,0,0,0,0,2,0,1,0,498,498,0,32,0,0,0,0,0,0,0,0,BENIGN
8.0.6.4-8.6.0.1-0-0-0,8.6.0.1,0,8.0.6.4,0,0,23/06/2017 10:46:55,108545032,4,0,0.0,0.0,0.0,0.0,0.0,0.0,0,0,0,0,0.0,0.03685106472675783,3.6181677333333336E7,118608.01640839178,3.6251105E7,3.6044725E7,1.08545032E8,3.6181677333333336E7,118608.01640839178,3.6251105E7,3.6044725E7,0,0,0,0,0,0,0,0,0,0,0,0.03685106472675783,0.0,0.0,0.0,0.0,0.0,0.0,0,0,0,0,0,0,0,0,0.0,0.0,0.0,0.0,0,0,0,0,0,0,0,4,0,0,0,-1,-1,0,0,0,0,0,0,3.6181677333333336E7,118608.01640839178,3.6251105E7,3.6044725E7,BENIGN
169.45.214.250-10.42.0.211-443-49013-6,10.42.0.211,49013,169.45.214.250,443,6,23/06/2017 10:45:10,118188619,16,12,391.0,264.0,226.0,0.0,24.4375,56.54728847021166,67.0,0.0,22.000000000000004,24.45032068947526,5.541988776432018,0.23690944387800994,4377356.259259259,1.9093879891324792E7,9.8643593E7,381.0,1.18188619E8,7879241.266666668,2.5446581941321623E7,9.8643593E7,794.0,1.18113852E8,1.0737622909090908E7,2.9573027936720178E7,9.8718425E7,381.0,1,0,0,0,512,384,0.13537682507314855,0.1015326188048614,0.0,226.0,22.68965517241379,44.31309339580593,1963.6502463054187,0,1,0,0,1,0,0,0,0.0,23.5,24.4375,22.0,512,0,0,0,0,0,0,16,391,12,264,1737,514,9,32,1629290.0,2128843.9597114674,3134610.0,123970.0,5.74024895E7,5.832372789693252E7,9.8643593E7,1.6161386E7,BENIGN
10.42.0.211-107.178.46.51-38228-443-6,10.42.0.211,38228,107.178.46.51,443,6,23/06/2017 10:48:02,108725557,20,10,460.0,460.0,46.0,0.0,23.0,23.597502097958543,46.0,46.0,46.0,0.0,8.461671987571423,0.27592408655124206,3749157.1379310344,5612432.008654446,1.200072E7,6330.0,1.08725557E8,5722397.736842105,6089409.662612122,1.200072E7,97774.0,1.08627728E8,1.2069747555555558E7,19860.129211003637,1.2098908E7,1.2038587E7,1,0,0,0,640,320,0.18394939103416136,0.09197469551708068,0.0,46.0,31.161290322580648,21.85878431232861,477.80645161290323,0,1,0,0,1,0,0,0,0.0,32.2,23.0,46.0,640,0,0,0,0,0,0,20,460,10,460,1731,253,9,32,99668.22222222222,1391.0442819854593,101896.0,97774.0,1.1969985333333334E7,19893.6845003635,1.200072E7,1.1939114E7,BENIGN
172.217.3.106-10.42.0.211-443-38194-6,172.217.3.106,443,10.42.0.211,38194,6,23/06/2017 10:43:45,119131,1,1,0.0,0.0,0.0,0.0,0.0,0.0,0.0,0.0,0.0,0.0,0.0,16.788241515642444,119131.0,0.0,119131.0,119131.0,0,0,0,0,0,0,0,0,0,0,0,0,0,0,32,32,8.394120757821222,8.394120757821222,0.0,0.0,0.0,0.0,0.0,0,0,0,0,1,1,0,0,1.0,0.0,0.0,0.0,32,0,0,0,0,0,0,1,0,1,0,1622,1523,0,32,0,0,0,0,0,0,0,0,BENIGN
172.217.3.106-10.42.0.211-443-38777-6,10.42.0.211,38777,172.217.3.106,443,6,23/06/2017 10:44:23,41210,2,0,0.0,0.0,0.0,0.0,0.0,0.0,0,0,0,0,0.0,48.531909730647904,41210.0,0.0,41210.0,41210.0,41210.0,41210.0,0.0,41210.0,41210.0,0,0,0,0,0,0,0,0,0,64,0,48.531909730647904,0.0,0.0,0.0,0.0,0.0,0.0,0,0,0,0,1,1,0,0,0.0,0.0,0.0,0.0,64,0,0,0,0,0,0,2,0,0,0,426,-1,0,32,0,0,0,0,0,0,0,0,BENIGN
8.0.6.4-8.6.0.1-0-0-0,8.6.0.1,0,8.0.6.4,0,0,23/06/2017 10:49:20,72499871,3,0,0.0,0.0,0.0,0.0,0.0,0.0,0,0,0,0,0.0,0.04137938397159355,3.62499355E7,289566.5908569219,3.645469E7,3.6045181E7,7.2499871E7,3.62499355E7,289566.5908569219,3.645469E7,3.6045181E7,0,0,0,0,0,0,0,0,0,0,0,0.04137938397159355,0.0,0.0,0.0,0.0,0.0,0.0,0,0,0,0,0,0,0,0,0.0,0.0,0.0,0.0,0,0,0,0,0,0,0,3,0,0,0,-1,-1,0,0,0,0,0,0,3.62499355E7,289566.5908569219,3.645469E7,3.6045181E7,BENIGN
10.42.0.211-107.178.46.51-38228-443-6,10.42.0.211,38228,107.178.46.51,443,6,23/06/2017 10:50:03,108800083,21,12,506.0,460.0,46.0,0.0,24.09523809523809,23.541250523081317,46.0,0.0,38.33333333333333,17.905475715715028,8.878669697338374,0.30330859214509975,3400002.59375,5441295.677279578,1.2084757E7,621.0,1.08800083E8,5440004.15,6060209.545554295,1.2084757E7,621.0,1.08701421E8,9881947.363636363,4840337.367039766,1.2184251E7,10323.0,1,0,0,0,672,396,0.19301455863779074,0.110294033507309,0.0,46.0,29.76470588235295,22.313277503342636,497.8823529411765,0,1,0,0,1,0,0,0,0.0,30.666666666666668,24.095238095238095,38.333333333333336,672,0,0,0,0,0,0,21,506,12,460,1731,253,10,32,116974.66666666667,57120.88328273645,269238.0,94224.0,1.1960946444444444E7,101808.86406903758,1.2084757E7,1.1706246E7,BENIGN
169.45.214.250-10.42.0.211-443-49013-6,10.42.0.211,49013,169.45.214.250,443,6,23/06/2017 10:49:38,60204971,7,4,102.0,39.0,37.0,0.0,14.571428571428571,16.84099307104684,39.0,0.0,9.75,19.5,2.3419993010211733,0.18270916532789294,6020497.1,1.8838802744719625E7,5.9636596E7,6304.0,6.0204971E7,1.0034161833333334E7,2.4335365650469583E7,5.9708405E7,25804.0,5.9916495E7,1.9972165E7,3.4413196898051016E7,5.9709091E7,78113.0,1,0,0,0,224,128,0.11626946884502277,0.06643969648287015,0.0,39.0,14.833333333333332,17.67809807403363,312.51515151515156,0,1,0,0,1,0,0,0,0.0,16.181818181818183,14.571428571428571,9.75,224,0,0,0,0,0,0,7,102,4,39,514,514,4,32,250400.0,0.0,250400.0,250400.0,5.9636596E7,0.0,5.9636596E7,5.9636596E7,BENIGN
172.217.7.4-10.42.0.211-443-55801-6,10.42.0.211,55801,172.217.7.4,443,6,23/06/2017 10:50:40,63910095,9,0,207.0,0.0,23.0,23.0,23.0,0.0,0,0,0,0,3.2389249304041874,0.14082282306105162,7988761.875,1.1093646294356687E7,3.2077393E7,250703.0,6.3910095E7,7988761.875,1.1093646294356687E7,3.2077393E7,250703.0,0,0,0,0,0,1,0,0,0,288,0,0.14082282306105162,0.0,23.0,23.0,23.0,0.0,0.0,0,1,0,0,1,0,0,0,0.0,25.555555555555557,23.0,0.0,288,0,0,0,0,0,0,9,207,0,0,2033,-1,8,32,7763837.0,0.0,7763837.0,7763837.0,1.8715419333333332E7,1.2244848910903323E7,3.2077393E7,8030738.0,BENIGN
172.217.3.106-10.42.0.211-443-53343-6,10.42.0.211,53343,172.217.3.106,443,6,23/06/2017 10:50:39,84415038,9,0,279.0,0.0,31.0,31.0,31.0,0.0,0,0,0,0,3.3050983167240893,0.10661607473303514,1.055187975E7,1.4660534927904855E7,4.2399554E7,325396.0,8.4415038E7,1.055187975E7,1.4660534927904855E7,4.2399554E7,325396.0,0,0,0,0,0,1,0,0,0,288,0,0.10661607473303514,0.0,31.0,31.0,31.0,0.0,0.0,0,1,0,0,1,0,0,0,0.0,34.44444444444444,31.0,0.0,288,0,0,0,0,0,0,9,279,0,0,1403,-1,8,32,4965003.0,0.0,4965003.0,4965003.0,1.986250875E7,1.6409882386016775E7,4.2399554E7,5280544.0,BENIGN
172.217.10.40-10.42.0.211-443-50377-6,10.42.0.211,50377,172.217.10.40,443,6,23/06/2017 10:43:58,190412,2,0,0.0,0.0,0.0,0.0,0.0,0.0,0,0,0,0,0.0,10.5035396928765,190412.0,0.0,190412.0,190412.0,190412.0,190412.0,0.0,190412.0,190412.0,0,0,0,0,0,0,0,0,0,64,0,10.5035396928765,0.0,0.0,0.0,0.0,0.0,0.0,0,0,0,0,1,1,0,0,0.0,0.0,0.0,0.0,64,0,0,0,0,0,0,2,0,0,0,352,-1,0,32,0,0,0,0,0,0,0,0,BENIGN
172.217.11.14-10.42.0.211-443-34444-6,10.42.0.211,34444,172.217.11.14,443,6,23/06/2017 10:44:18,60093181,3,1,31.0,0.0,31.0,0.0,10.333333333333334,17.8978583448784,0.0,0.0,0.0,0.0,0.5158655189180283,0.06656329276361656,2.0031060333333336E7,3.4547581084853455E7,5.9923132E7,36833.0,6.0056348E7,3.0028174E7,4.227785505017406E7,5.9923132E7,133216.0,0,0,0,0,0,0,0,0,0,96,20,0.049922469572712416,0.01664082319090414,0.0,31.0,6.2,13.863621460498695,192.2,0,0,0,0,1,1,0,0,0.0,7.75,10.333333333333334,0.0,96,0,0,0,0,0,0,3,31,1,0,1046,0,1,32,133216.0,0.0,133216.0,133216.0,5.9923132E7,0.0,5.9923132E7,5.9923132E7,BENIGN
10.42.0.211-10.42.0.1-44634-53-17,10.42.0.211,44634,10.42.0.1,53,17,23/06/2017 10:42:17,32143,1,1,45.0,287.0,45.0,45.0,45.0,0.0,287.0,287.0,287.0,0.0,10328.842982920076,62.221945680241426,32143.0,0.0,32143.0,32143.0,0,0,0,0,0,0,0,0,0,0,0,0,0,0,32,20,31.110972840120713,31.110972840120713,45.0,287.0,125.66666666666667,139.71876514388944,19521.333333333336,0,0,0,0,0,0,0,0,1.0,188.5,45.0,287.0,32,0,0,0,0,0,0,1,45,1,287,-1,-1,0,32,0,0,0,0,0,0,0,0,BENIGN
173.194.205.188-10.42.0.211-5228-36935-6,173.194.205.188,5228,10.42.0.211,36935,6,23/06/2017 10:46:40,286592,2,2,23.0,27.0,23.0,0.0,11.5,16.263455967290593,27.0,0.0,13.5,19.091883092036785,174.46404644930772,13.957123715944617,95530.66666666667,89905.62266250834,199125.0,37887.0,286592.0,286592.0,0.0,286592.0,286592.0,37887.0,37887.0,0.0,37887.0,37887.0,1,0,0,0,64,64,6.978561857972308,6.978561857972308,0.0,27.0,14.6,13.427583550289308,180.3,0,1,0,0,1,0,0,0,1.0,18.25,11.5,13.5,64,0,0,0,0,0,0,2,23,2,27,365,1594,0,32,0,0,0,0,0,0,0,0,BENIGN
10.42.0.211-10.42.0.1-13261-53-17,10.42.0.211,13261,10.42.0.1,53,17,23/06/2017 10:41:05,121026,1,1,34.0,74.0,34.0,34.0,34.0,0.0,74.0,74.0,74.0,0.0,892.3702344950672,16.525374712871614,121026.0,0.0,121026.0,121026.0,0,0,0,0,0,0,0,0,0,0,0,0,0,0,32,32,8.262687356435807,8.262687356435807,34.0,74.0,47.333333333333336,23.094010767585033,533.3333333333334,0,0,0,0,0,0,0,0,1.0,71.0,34.0,74.0,32,0,0,0,0,0,0,1,34,1,74,-1,-1,0,32,0,0,0,0,0,0,0,0,BENIGN
10.42.0.211-10.42.0.1-61695-53-17,10.42.0.211,61695,10.42.0.1,53,17,23/06/2017 10:39:58,1718,1,1,42.0,102.0,42.0,42.0,42.0,0.0,102.0,102.0,102.0,0.0,83818.39348079162,1164.1443538998838,1718.0,0.0,1718.0,1718.0,0,0,0,0,0,0,0,0,0,0,0,0,0,0,32,32,582.0721769499419,582.0721769499419,42.0,102.0,62.0,34.64101615137755,1200.0,0,0,0,0,0,0,0,0,1.0,93.0,42.0,102.0,32,0,0,0,0,0,0,1,42,1,102,-1,-1,0,32,0,0,0,0,0,0,0,0,BENIGN
172.217.3.106-10.42.0.211-443-38194-6,172.217.3.106,443,10.42.0.211,38194,6,23/06/2017 10:50:39,71535621,1,8,31.0,248.0,31.0,31.0,31.0,0.0,31.0,31.0,31.0,0.0,3.900154861310283,0.12581144713904138,8941952.625,1.2420832810635444E7,3.5920921E7,275507.0,0,0,0,0,0,7.1260114E7,1.0180016285714285E7,1.287182143807003E7,3.5920921E7,560647.0,1,0,0,0,32,256,0.01397904968211571,0.11183239745692568,31.0,31.0,31.0,0.0,0.0,0,1,0,0,1,0,0,0,8.0,34.44444444444444,31.0,31.0,32,0,0,0,0,0,0,1,31,8,248,1523,1523,0,32,8696138.0,0.0,8696138.0,8696138.0,2.0946494333333332E7,1.3720212358284194E7,3.5920921E7,8979422.0,BENIGN
10.42.0.211-31.13.80.8-60089-443-6,10.42.0.211,60089,31.13.80.8,443,6,23/06/2017 10:42:16,697,3,0,0.0,0.0,0.0,0.0,0.0,0.0,0,0,0,0,0.0,4304.16068866571,348.5,316.07673119038674,572.0,125.0,697.0,348.5,316.07673119038674,572.0,125.0,0,0,0,0,0,0,0,0,0,120,0,4304.16068866571,0.0,0.0,0.0,0.0,0.0,0.0,0,0,0,0,1,0,0,0,0.0,0.0,0.0,0.0,120,0,0,0,0,0,0,3,0,0,0,1386,-1,0,32,0,0,0,0,0,0,0,0,BENIGN
10.42.0.211-10.42.0.1-54981-53-17,10.42.0.211,54981,10.42.0.1,53,17,23/06/2017 10:41:11,48766,1,1,40.0,80.0,40.0,40.0,40.0,0.0,80.0,80.0,80.0,0.0,2460.7308370586065,41.012180617643445,48766.0,0.0,48766.0,48766.0,0,0,0,0,0,0,0,0,0,0,0,0,0,0,40,32,20.506090308821722,20.506090308821722,40.0,80.0,53.333333333333336,23.094010767585033,533.3333333333334,0,0,0,0,0,0,0,0,1.0,80.0,40.0,80.0,40,0,0,0,0,0,0,1,40,1,80,-1,-1,0,40,0,0,0,0,0,0,0,0,BENIGN
10.42.0.211-10.42.0.1-14020-53-17,10.42.0.211,14020,10.42.0.1,53,17,23/06/2017 10:41:13,59929,1,1,36.0,93.0,36.0,36.0,36.0,0.0,93.0,93.0,93.0,0.0,2152.5471808306493,33.37282450900232,59929.0,0.0,59929.0,59929.0,0,0,0,0,0,0,0,0,0,0,0,0,0,0,32,32,16.68641225450116,16.68641225450116,36.0,93.0,55.0,32.90896534380867,1083.0,0,0,0,0,0,0,0,0,1.0,82.5,36.0,93.0,32,0,0,0,0,0,0,1,36,1,93,-1,-1,0,32,0,0,0,0,0,0,0,0,BENIGN
10.42.0.211-10.42.0.1-51683-53-17,10.42.0.211,51683,10.42.0.1,53,17,23/06/2017 10:44:28,1686,1,1,37.0,279.0,37.0,37.0,37.0,0.0,279.0,279.0,279.0,0.0,187425.8600237248,1186.2396204033214,1686.0,0.0,1686.0,1686.0,0,0,0,0,0,0,0,0,0,0,0,0,0,0,32,32,593.1198102016607,593.1198102016607,37.0,279.0,117.66666666666667,139.71876514388944,19521.333333333336,0,0,0,0,0,0,0,0,1.0,176.5,37.0,279.0,32,0,0,0,0,0,0,1,37,1,279,-1,-1,0,32,0,0,0,0,0,0,0,0,BENIGN
239.255.255.250-10.42.0.1-1900-46631-17,10.42.0.1,46631,239.255.255.250,1900,17,23/06/2017 10:47:23,3003156,4,0,688.0,0.0,172.0,172.0,172.0,0.0,0,0,0,0,229.09232820406265,1.3319321407212945,1001052.0,236.34931774811622,1001241.0,1000787.0,3003156.0,1001052.0,236.34931774811622,1001241.0,1000787.0,0,0,0,0,0,0,0,0,0,128,0,1.3319321407212945,0.0,172.0,172.0,172.0,0.0,0.0,0,0,0,0,0,0,0,0,0.0,215.0,172.0,0.0,128,0,0,0,0,0,0,4,688,0,0,-1,-1,3,32,0,0,0,0,0,0,0,0,BENIGN
172.217.10.110-10.42.0.211-443-44873-6,172.217.10.110,443,10.42.0.211,44873,6,23/06/2017 10:42:11,113112,1,1,0.0,0.0,0.0,0.0,0.0,0.0,0.0,0.0,0.0,0.0,0.0,17.681589928566375,113112.0,0.0,113112.0,113112.0,0,0,0,0,0,0,0,0,0,0,0,0,0,0,32,32,8.840794964283187,8.840794964283187,0.0,0.0,0.0,0.0,0.0,0,0,0,0,1,1,0,0,1.0,0.0,0.0,0.0,32,0,0,0,0,0,0,1,0,1,0,362,1549,0,32,0,0,0,0,0,0,0,0,BENIGN
172.217.11.42-10.42.0.211-443-39281-6,10.42.0.211,39281,172.217.11.42,443,6,23/06/2017 10:43:45,85072,2,0,0.0,0.0,0.0,0.0,0.0,0.0,0,0,0,0,0.0,23.5094978371262,85072.0,0.0,85072.0,85072.0,85072.0,85072.0,0.0,85072.0,85072.0,0,0,0,0,0,0,0,0,0,64,0,23.5094978371262,0.0,0.0,0.0,0.0,0.0,0.0,0,0,0,0,1,1,0,0,0.0,0.0,0.0,0.0,64,0,0,0,0,0,0,2,0,0,0,350,-1,0,32,0,0,0,0,0,0,0,0,BENIGN
208.80.154.224-10.42.0.211-443-59934-6,208.80.154.224,443,10.42.0.211,59934,6,23/06/2017 10:40:07,12331,1,2,0.0,0.0,0.0,0.0,0.0,0.0,0.0,0.0,0.0,0.0,0.0,243.28927094315142,6165.5,8330.424989158717,12056.0,275.0,0,0,0,0,0,275.0,275.0,0.0,275.0,275.0,0,0,0,0,32,76,81.09642364771713,162.19284729543426,0.0,0.0,0.0,0.0,0.0,0,0,0,0,1,1,0,0,2.0,0.0,0.0,0.0,32,0,0,0,0,0,0,1,0,2,0,61,1550,0,32,0,0,0,0,0,0,0,0,BENIGN
172.217.3.106-10.42.0.211-443-34126-6,172.217.3.106,443,10.42.0.211,34126,6,23/06/2017 10:40:22,97927,1,1,0.0,0.0,0.0,0.0,0.0,0.0,0.0,0.0,0.0,0.0,0.0,20.42337659685276,97927.0,0.0,97927.0,97927.0,0,0,0,0,0,0,0,0,0,0,0,0,0,0,32,32,10.21168829842638,10.21168829842638,0.0,0.0,0.0,0.0,0.0,0,0,0,0,1,0,0,0,1.0,0.0,0.0,0.0,32,0,0,0,0,0,0,1,0,1,0,362,1421,0,32,0,0,0,0,0,0,0,0,BENIGN
10.42.0.211-31.13.80.8-60090-443-6,10.42.0.211,60090,31.13.80.8,443,6,23/06/2017 10:42:16,561,3,0,0.0,0.0,0.0,0.0,0.0,0.0,0,0,0,0,0.0,5347.593582887701,280.5,301.9345955666558,494.0,67.0,561.0,280.5,301.9345955666558,494.0,67.0,0,0,0,0,0,0,0,0,0,120,0,5347.593582887701,0.0,0.0,0.0,0.0,0.0,0.0,0,0,0,0,1,0,0,0,0.0,0.0,0.0,0.0,120,0,0,0,0,0,0,3,0,0,0,1386,-1,0,32,0,0,0,0,0,0,0,0,BENIGN
10.42.0.211-107.178.40.249-59944-443-6,10.42.0.211,59944,107.178.40.249,443,6,23/06/2017 10:40:28,36078,2,0,0.0,0.0,0.0,0.0,0.0,0.0,0,0,0,0,0.0,55.43544542380398,36078.0,0.0,36078.0,36078.0,36078.0,36078.0,0.0,36078.0,36078.0,0,0,0,0,0,0,0,0,0,64,0,55.43544542380398,0.0,0.0,0.0,0.0,0.0,0.0,0,0,0,0,1,0,0,0,0.0,0.0,0.0,0.0,64,0,0,0,0,0,0,2,0,0,0,1550,-1,0,32,0,0,0,0,0,0,0,0,BENIGN
172.217.10.46-10.42.0.211-80-36932-6,172.217.10.46,80,10.42.0.211,36932,6,23/06/2017 10:41:50,56128,1,1,0.0,0.0,0.0,0.0,0.0,0.0,0.0,0.0,0.0,0.0,0.0,35.63283922462942,56128.0,0.0,56128.0,56128.0,0,0,0,0,0,0,0,0,0,0,0,0,0,0,32,32,17.81641961231471,17.81641961231471,0.0,0.0,0.0,0.0,0.0,0,0,0,0,1,1,0,0,1.0,0.0,0.0,0.0,32,0,0,0,0,0,0,1,0,1,0,349,1369,0,32,0,0,0,0,0,0,0,0,BENIGN
172.217.3.106-10.42.0.211-443-47849-6,10.42.0.211,47849,172.217.3.106,443,6,23/06/2017 10:44:26,36913,2,0,0.0,0.0,0.0,0.0,0.0,0.0,0,0,0,0,0.0,54.181453688402456,36913.0,0.0,36913.0,36913.0,36913.0,36913.0,0.0,36913.0,36913.0,0,0,0,0,0,0,0,0,0,64,0,54.181453688402456,0.0,0.0,0.0,0.0,0.0,0.0,0,0,0,0,1,1,0,0,0.0,0.0,0.0,0.0,64,0,0,0,0,0,0,2,0,0,0,383,-1,0,32,0,0,0,0,0,0,0,0,BENIGN
224.0.0.251-10.42.0.1-5353-5353-17,10.42.0.1,5353,224.0.0.251,5353,17,23/06/2017 10:40:52,93065288,2,0,163.0,0.0,118.0,45.0,81.5,51.61879502661797,0,0,0,0,1.7514586104327106,0.021490289698560865,9.3065288E7,0.0,9.3065288E7,9.3065288E7,9.3065288E7,9.3065288E7,0.0,9.3065288E7,9.3065288E7,0,0,0,0,0,0,0,0,0,64,0,0.021490289698560865,0.0,45.0,118.0,69.33333333333333,42.14656965084268,1776.3333333333333,0,0,0,0,0,0,0,0,0.0,104.0,81.5,0.0,64,0,0,0,0,0,0,2,163,0,0,-1,-1,1,32,0,0,0,0,9.3065288E7,0.0,9.3065288E7,9.3065288E7,BENIGN
10.42.0.211-31.13.71.3-37864-443-6,10.42.0.211,37864,31.13.71.3,443,6,23/06/2017 10:41:11,2029566,10,8,862.0,203.0,537.0,0.0,86.19999999999999,166.50245243439107,137.0,0.0,25.375,47.503195381243266,524.7427282483053,8.868891181661498,119386.23529411767,397035.39301876625,1655474.0,43.0,2029566.0,225507.33333333334,563513.9091360123,1724605.0,260.0,1996705.0,285243.5714285714,622415.6254960338,1685302.0,43.0,0,0,0,0,328,264,4.9271617675897215,3.941729414071777,0.0,537.0,56.05263157894737,125.84446912501451,15836.83040935673,0,0,0,1,0,0,0,0,0.0,59.166666666666664,86.2,25.375,328,0,0,0,0,0,0,10,862,8,203,65535,122,5,32,0,0,0,0,0,0,0,0,BENIGN
10.42.0.211-31.13.71.3-37819-443-6,31.13.71.3,443,10.42.0.211,37819,6,23/06/2017 10:41:04,4763,1,3,0.0,0.0,0.0,0.0,0.0,0.0,0.0,0.0,0.0,0.0,0.0,839.8068444257821,1587.6666666666665,2413.3980884498383,4373.0,118.0,0,0,0,0,0,390.0,195.0,108.89444430272832,272.0,118.0,0,0,0,0,32,60,209.95171110644552,629.8551333193366,0.0,0.0,0.0,0.0,0.0,0,0,0,0,1,1,0,0,3.0,0.0,0.0,0.0,32,0,0,0,0,0,0,1,0,3,0,122,0,0,32,0,0,0,0,0,0,0,0,BENIGN
239.255.255.250-10.42.0.1-1900-35802-17,10.42.0.1,35802,239.255.255.250,1900,17,23/06/2017 10:51:23,3003777,4,0,688.0,0.0,172.0,172.0,172.0,0.0,0,0,0,0,229.04496572148997,1.3316567774505232,1001259.0,98.36157786453,1001349.0,1001154.0,3003777.0,1001259.0,98.36157786453,1001349.0,1001154.0,0,0,0,0,0,0,0,0,0,128,0,1.3316567774505232,0.0,172.0,172.0,172.0,0.0,0.0,0,0,0,0,0,0,0,0,0.0,215.0,172.0,0.0,128,0,0,0,0,0,0,4,688,0,0,-1,-1,3,32,0,0,0,0,0,0,0,0,BENIGN
172.217.12.206-10.42.0.211-443-45335-6,172.217.12.206,443,10.42.0.211,45335,6,23/06/2017 10:41:38,119901,1,1,0.0,0.0,0.0,0.0,0.0,0.0,0.0,0.0,0.0,0.0,0.0,16.680428019782987,119901.0,0.0,119901.0,119901.0,0,0,0,0,0,0,0,0,0,0,0,0,0,0,32,32,8.340214009891493,8.340214009891493,0.0,0.0,0.0,0.0,0.0,0,0,0,0,1,1,0,0,1.0,0.0,0.0,0.0,32,0,0,0,0,0,0,1,0,1,0,362,1639,0,32,0,0,0,0,0,0,0,0,BENIGN
10.42.0.211-107.178.46.51-38228-443-6,10.42.0.211,38228,107.178.46.51,443,6,23/06/2017 10:52:03,48359372,10,5,230.0,230.0,46.0,0.0,23.0,24.244128727957577,46.0,46.0,46.0,0.0,9.512116906729062,0.31017772521942594,3454240.8571428573,5586057.392790772,1.1990644E7,6335.0,4.8359372E7,5373263.555555556,6253574.140667282,1.1990644E7,97587.0,4.8261879E7,1.206546975E7,23123.207827851464,1.2091652E7,1.2038126E7,1,0,0,0,320,160,0.20678515014628396,0.10339257507314198,0.0,46.0,31.625,22.020823478395773,484.9166666666666,0,1,0,0,1,0,0,0,0.0,33.733333333333334,23.0,46.0,320,0,0,0,0,0,0,10,230,5,230,1731,253,4,32,100353.25,1522.230463278585,101472.0,98105.0,1.1965093E7,22745.929086322492,1.1990644E7,1.193724E7,BENIGN
172.217.3.106-10.42.0.211-443-38777-6,10.42.0.211,38777,172.217.3.106,443,6,23/06/2017 10:50:40,79195107,9,0,279.0,0.0,31.0,31.0,31.0,0.0,0,0,0,0,3.522944921332072,0.1136433845590991,9899388.375,1.3750956686063273E7,3.9760072E7,303864.0,7.9195107E7,9899388.375,1.3750956686063273E7,3.9760072E7,303864.0,0,0,0,0,0,1,0,0,0,288,0,0.1136433845590991,0.0,31.0,31.0,31.0,0.0,0.0,0,1,0,0,1,0,0,0,0.0,34.44444444444444,31.0,0.0,288,0,0,0,0,0,0,9,279,0,0,1657,-1,8,32,9625715.0,0.0,9625715.0,9625715.0,2.3189797333333332E7,1.518891507611802E7,3.9760072E7,9927448.0,BENIGN
172.217.3.106-10.42.0.211-443-46393-6,10.42.0.211,46393,172.217.3.106,443,6,23/06/2017 10:44:23,111349,2,0,0.0,0.0,0.0,0.0,0.0,0.0,0,0,0,0,0.0,17.961544333581802,111349.0,0.0,111349.0,111349.0,111349.0,111349.0,0.0,111349.0,111349.0,0,0,0,0,0,0,0,0,0,64,0,17.961544333581802,0.0,0.0,0.0,0.0,0.0,0.0,0,0,0,0,1,1,0,0,0.0,0.0,0.0,0.0,64,0,0,0,0,0,0,2,0,0,0,362,-1,0,32,0,0,0,0,0,0,0,0,BENIGN
172.217.10.234-10.42.0.211-443-35552-6,10.42.0.211,35552,172.217.10.234,443,6,23/06/2017 10:48:28,169891,2,0,0.0,0.0,0.0,0.0,0.0,0.0,0,0,0,0,0.0,11.77225397460725,169891.0,0.0,169891.0,169891.0,169891.0,169891.0,0.0,169891.0,169891.0,0,0,0,0,0,0,0,0,0,64,0,11.77225397460725,0.0,0.0,0.0,0.0,0.0,0.0,0,0,0,0,1,1,0,0,0.0,0.0,0.0,0.0,64,0,0,0,0,0,0,2,0,0,0,383,-1,0,32,0,0,0,0,0,0,0,0,BENIGN
10.42.0.211-10.42.0.1-5122-53-17,10.42.0.211,5122,10.42.0.1,53,17,23/06/2017 10:40:24,51370,1,1,32.0,48.0,32.0,32.0,32.0,0.0,48.0,48.0,48.0,0.0,1557.3291804555188,38.93322951138797,51370.0,0.0,51370.0,51370.0,0,0,0,0,0,0,0,0,0,0,0,0,0,0,32,32,19.466614755693985,19.466614755693985,32.0,48.0,37.333333333333336,9.237604307034012,85.33333333333333,0,0,0,0,0,0,0,0,1.0,56.0,32.0,48.0,32,0,0,0,0,0,0,1,32,1,48,-1,-1,0,32,0,0,0,0,0,0,0,0,BENIGN
10.42.0.211-10.42.0.1-1983-53-17,10.42.0.211,1983,10.42.0.1,53,17,23/06/2017 10:41:05,1717,1,1,36.0,94.0,36.0,36.0,36.0,0.0,94.0,94.0,94.0,0.0,75713.453698311,1164.8223645894002,1717.0,0.0,1717.0,1717.0,0,0,0,0,0,0,0,0,0,0,0,0,0,0,32,32,582.4111822947001,582.4111822947001,36.0,94.0,55.33333333333333,33.48631561299829,1121.3333333333333,0,0,0,0,0,0,0,0,1.0,83.0,36.0,94.0,32,0,0,0,0,0,0,1,36,1,94,-1,-1,0,32,0,0,0,0,0,0,0,0,BENIGN
239.255.255.250-10.42.0.1-1900-38935-17,10.42.0.1,38935,239.255.255.250,1900,17,23/06/2017 10:49:23,3003831,4,0,688.0,0.0,172.0,172.0,172.0,0.0,0,0,0,0,229.04084817021996,1.3316328381989533,1001277.0,49.42671342502959,1001331.0,1001234.0,3003831.0,1001277.0,49.42671342502959,1001331.0,1001234.0,0,0,0,0,0,0,0,0,0,128,0,1.3316328381989533,0.0,172.0,172.0,172.0,0.0,0.0,0,0,0,0,0,0,0,0,0.0,215.0,172.0,0.0,128,0,0,0,0,0,0,4,688,0,0,-1,-1,3,32,0,0,0,0,0,0,0,0,BENIGN
8.0.6.4-8.6.0.1-0-0-0,8.6.0.1,0,8.0.6.4,0,0,23/06/2017 10:51:20,72295848,3,0,0.0,0.0,0.0,0.0,0.0,0.0,0,0,0,0,0.0,0.04149615894954299,3.6147924E7,147546.31517594738,3.6252255E7,3.6043593E7,7.2295848E7,3.6147924E7,147546.31517594738,3.6252255E7,3.6043593E7,0,0,0,0,0,0,0,0,0,0,0,0.04149615894954299,0.0,0.0,0.0,0.0,0.0,0.0,0,0,0,0,0,0,0,0,0.0,0.0,0.0,0.0,0,0,0,0,0,0,0,3,0,0,0,-1,-1,0,0,0,0,0,0,3.6147924E7,147546.31517594738,3.6252255E7,3.6043593E7,BENIGN
169.45.214.250-10.42.0.211-443-49013-6,10.42.0.211,49013,169.45.214.250,443,6,23/06/2017 10:52:42,9939203,50,38,4121.0,3052.0,444.0,0.0,82.42000000000003,141.43680928389244,506.0,0.0,80.3157894736842,99.48518978821785,721.6876443714854,8.853828621872399,114243.71264367817,308273.5938787623,2593387.0,14.0,9939203.0,202840.8775510204,584997.047739368,3962167.0,14.0,9627939.0,260214.5675675675,446529.89979131427,2595482.0,42655.0,1,0,0,0,1612,1216,5.030584444245681,3.8232441776267176,0.0,506.0,82.01123595505622,123.78807902493006,15323.488508682327,0,1,0,0,1,0,0,0,0.0,82.94318181818181,82.42,80.3157894736842,1612,0,0,0,0,0,0,50,4121,38,3052,514,514,27,32,0,0,0,0,0,0,0,0,BENIGN
10.42.0.211-10.42.0.1-40572-53-17,10.42.0.211,40572,10.42.0.1,53,17,23/06/2017 10:50:39,100757,1,1,36.0,294.0,36.0,36.0,36.0,0.0,294.0,294.0,294.0,0.0,3275.206685391586,19.84973748722173,100757.0,0.0,100757.0,100757.0,0,0,0,0,0,0,0,0,0,0,0,0,0,0,44,32,9.924868743610865,9.924868743610865,36.0,294.0,122.0,148.95636945092346,22188.0,0,0,0,0,0,0,0,0,1.0,183.0,36.0,294.0,44,0,0,0,0,0,0,1,36,1,294,-1,-1,0,44,0,0,0,0,0,0,0,0,BENIGN
216.58.217.100-10.42.0.211-443-51081-6,216.58.217.100,443,10.42.0.211,51081,6,23/06/2017 10:43:07,166300,1,1,0.0,0.0,0.0,0.0,0.0,0.0,0.0,0.0,0.0,0.0,0.0,12.026458208057727,166300.0,0.0,166300.0,166300.0,0,0,0,0,0,0,0,0,0,0,0,0,0,0,32,32,6.013229104028864,6.013229104028864,0.0,0.0,0.0,0.0,0.0,0,0,0,0,1,1,0,0,1.0,0.0,0.0,0.0,32,0,0,0,0,0,0,1,0,1,0,349,1593,0,32,0,0,0,0,0,0,0,0,BENIGN
216.58.219.202-10.42.0.211-443-34799-6,10.42.0.211,34799,216.58.219.202,443,6,23/06/2017 10:50:40,369767,9,10,2582.0,4440.0,1153.0,0.0,286.8888888888889,476.38520244767375,1418.0,0.0,444.0,582.0906764032178,18990.337158264527,51.38370920065879,20542.61111111111,25998.018257368338,81550.0,10.0,369767.0,46220.875,42651.175279192816,129029.0,975.0,322500.0,35833.333333333336,35962.79995008731,81550.0,10.0,0,0,0,0,296,328,24.33965172662785,27.044057474030943,0.0,1418.0,351.09999999999997,518.6871991155323,269036.4105263158,0,0,0,1,0,0,0,0,1.0,369.57894736842104,286.8888888888889,444.0,296,0,0,0,0,0,0,9,2582,10,4440,65535,383,4,32,0,0,0,0,0,0,0,0,BENIGN
239.255.255.250-10.42.0.1-1900-57414-17,10.42.0.1,57414,239.255.255.250,1900,17,23/06/2017 10:43:23,3004414,4,0,688.0,0.0,172.0,172.0,172.0,0.0,0,0,0,0,228.99640329195643,1.3313744377439327,1001471.3333333334,57.83885660465059,1001516.0,1001406.0,3004414.0,1001471.3333333334,57.83885660465059,1001516.0,1001406.0,0,0,0,0,0,0,0,0,0,128,0,1.3313744377439327,0.0,172.0,172.0,172.0,0.0,0.0,0,0,0,0,0,0,0,0,0.0,215.0,172.0,0.0,128,0,0,0,0,0,0,4,688,0,0,-1,-1,3,32,0,0,0,0,0,0,0,0,BENIGN
239.255.255.250-10.42.0.1-1900-37143-17,10.42.0.1,37143,239.255.255.250,1900,17,23/06/2017 10:45:23,3004163,4,0,688.0,0.0,172.0,172.0,172.0,0.0,0,0,0,0,229.01553610772783,1.3314856750449293,1001387.6666666666,108.58330135584077,1001508.0,1001297.0,3004163.0,1001387.6666666666,108.58330135584077,1001508.0,1001297.0,0,0,0,0,0,0,0,0,0,92,0,1.3314856750449293,0.0,172.0,172.0,172.0,0.0,0.0,0,0,0,0,0,0,0,0,0.0,215.0,172.0,0.0,92,0,0,0,0,0,0,4,688,0,0,-1,-1,3,20,0,0,0,0,0,0,0,0,BENIGN
239.255.255.250-10.42.0.1-1900-43295-17,10.42.0.1,43295,239.255.255.250,1900,17,23/06/2017 10:41:23,3004301,4,0,688.0,0.0,172.0,172.0,172.0,0.0,0,0,0,0,229.0050164747141,1.3314245143878727,1001433.6666666666,142.04342059149846,1001546.0,1001274.0,3004301.0,1001433.6666666666,142.04342059149846,1001546.0,1001274.0,0,0,0,0,0,0,0,0,0,152,0,1.3314245143878727,0.0,172.0,172.0,172.0,0.0,0.0,0,0,0,0,0,0,0,0,0.0,215.0,172.0,0.0,152,0,0,0,0,0,0,4,688,0,0,-1,-1,3,32,0,0,0,0,0,0,0,0,BENIGN
10.42.0.211-10.42.0.1-38886-53-17,10.42.0.211,38886,10.42.0.1,53,17,23/06/2017 10:40:22,1812,1,1,40.0,298.0,40.0,40.0,40.0,0.0,298.0,298.0,298.0,0.0,186534.21633554084,1103.7527593818984,1812.0,0.0,1812.0,1812.0,0,0,0,0,0,0,0,0,0,0,0,0,0,0,32,32,551.8763796909492,551.8763796909492,40.0,298.0,126.0,148.95636945092346,22188.0,0,0,0,0,0,0,0,0,1.0,189.0,40.0,298.0,32,0,0,0,0,0,0,1,40,1,298,-1,-1,0,32,0,0,0,0,0,0,0,0,BENIGN
