SeraphimDroid Record,Starting date and time:,2019-08-12-13-36-35,Read interval (ms):,1000,MemTotal (kB),1550548
Total CPU usage (%),SeraphimDroid (Pid 10932) CPU usage (%),SeraphimDroid Memory (kB),,Memory used (kB),Memory available (MemFree+Cached) (kB),MemFree (kB),Cached (kB),Threshold (kB), dis_auto, dis_RNN
7.4626865,3.7313433,37732,,862872,687676,284344,403220,147456,,,862872,687676,284344,403220,147456,0,0
5.378973,2.200489,37732,,864648,685900,286844,399104,147456,NaN,0.0
3.508772,1.5037594,37732,,865524,685024,285920,399104,147456,2.6513543,0.0
2.75,1.25,37732,,865716,684832,285728,399104,147456,2.6343212,0.0
1.7676767,1.010101,37732,,865768,684780,286748,398032,147456,2.0604596,0.0
2.0050125,1.0025063,37732,,865672,684876,286856,398020,147456,1.7520642,0.0
1.0152284,1.0152284,37732,,866056,684492,286600,398016,147456,1.2677681,0.0
2.25,1.25,37732,,865812,684736,286716,398020,147456,1.2383884,0.0
2.7918782,3.0456853,37732,,866300,684248,286228,398020,147456,0.6396585,0.0
2.255639,1.2531328,37732,,866424,684124,286104,398020,147456,0.6731087,0.0
2.25,1.25,37732,,866720,683828,285808,398020,147456,1.0065237,0.0
2.7568922,1.0025063,37732,,866796,683752,285732,398020,147456,1.1435499,0.0
2.7707808,2.7707808,37732,,866060,684488,286468,398020,147456,1.351467,0.0
2.7431421,2.244389,37732,,866060,684488,286468,398020,147456,0.29264382,0.0
1.0178117,1.2722646,37732,,866180,684368,286344,398024,147456,0.22190608,0.0
1.758794,1.5075377,37732,,866344,684204,286180,398024,147456,0.5530981,0.0
2.0151134,0.7556675,37732,,866420,684128,286104,398024,147456,0.4070956,0.0
0.7633588,1.0178117,37732,,866420,684128,286104,398024,147456,1.5744306,0.0
1.2755102,1.2755102,37732,,866544,684004,285980,398024,147456,0.8998955,0.0
2.2613065,1.5075377,37732,,866536,684012,285988,398024,147456,0.59133446,0.0
1.2722646,0.7633588,37732,,866544,684004,285980,398024,147456,0.38904074,0.0
1.010101,1.010101,37732,,866544,684004,285980,398024,147456,1.4235585,0.0
1.5151515,1.5151515,37732,,866792,683756,285732,398024,147456,0.8155688,0.3829197
1.754386,1.0025063,37732,,866504,684044,286024,398020,147456,0.56500673,0.45613042
1.511335,1.0075567,37732,,866492,684056,286032,398024,147456,0.74173284,0.42044115
3.544304,1.0126582,37732,,866552,683996,285972,398024,147456,0.68397295,0.4266013
1.0178117,1.0178117,37732,,866664,683884,285856,398028,147456,0.67511374,0.40115637
2.0050125,1.0025063,37732,,866664,683884,285856,398028,147456,0.7383361,0.36935154
2.0100503,1.0050251,37732,,866912,683636,285732,398028,147456,0.7152051,0.37942997
2.0050125,1.5037594,37732,,866572,683976,285724,398252,147456,0.8901786,0.34460014
2.75,1.25,37732,,866688,683860,285608,398252,147456,0.2819863,0.936756
2.4875622,0.99502486,37732,,866688,683860,285608,398252,147456,0.417269,0.64525574
2.020202,0.75757575,37732,,866696,683852,285600,398252,147456,0.7162106,0.65636134
1.758794,1.0050251,37732,,866088,684460,286208,398252,147456,1.2189927,0.8892136
1.5151515,1.2626263,37732,,865812,684736,286228,398508,147456,0.38151115,1.1704524
2.5,1.0,37732,,865984,684564,286104,398508,147456,0.23986068,2.0371614
2.25,0.75,37732,,866060,684488,286104,398508,147456,0.52730244,1.6887836
1.5075377,1.0050251,37732,,866200,684348,285840,398508,147456,1.0323768,1.8053797
1.511335,1.0075567,37732,,866304,684244,285732,398512,147456,0.45317087,1.3637235
1.5189873,1.2658228,37732,,866428,684120,285608,398512,147456,0.47553408,1.2537584
1.5151515,1.010101,37732,,866428,684120,285608,398512,147456,0.2984099,1.2421649
2.0356233,2.2900763,37732,,866428,684120,285608,398512,147456,0.5265918,1.14132
3.0,1.75,37732,,866560,683988,285484,398504,147456,0.31478825,4.83346
1.0126582,1.2658228,37732,,866552,683996,285484,398512,147456,0.39309818,2.1463108
1.758794,1.2562814,37732,,866252,684296,285784,398512,147456,0.3772277,1.1296448
2.0,1.0,37732,,866180,684368,285856,398512,147456,0.19853209,1.3916557
1.2594458,1.0075567,37732,,866180,684368,285856,398512,147456,0.48685846,1.4351848
2.7363183,0.99502486,37732,,866436,684112,285600,398512,147456,0.44456327,1.4272141
1.2658228,1.0126582,37732,,866428,684120,285608,398512,147456,0.58510387,1.1249282
2.5062656,1.2531328,37732,,866552,683996,285484,398512,147456,0.5048333,1.1223242
2.7363183,1.2437811,37732,,866548,684000,285484,398516,147456,0.35730186,1.1146544
2.238806,1.2437811,37732,,866548,684000,285484,398516,147456,0.35509917,1.1152226
2.0,1.0,37732,,866548,684000,285484,398516,147456,0.34537378,1.1143007
1.758794,1.0050251,37732,,866348,684200,285684,398516,147456,0.6105176,1.039647
1.5075377,1.0050251,37732,,866432,684116,285608,398508,147456,0.4511081,1.2270949
1.5151515,1.010101,37732,,866556,683992,285484,398508,147456,0.4753743,1.1113248
2.244389,0.99750626,37732,,866672,683876,285360,398516,147456,0.55653495,1.0011445
1.511335,1.0075567,37732,,866672,683876,285360,398516,147456,0.6985043,0.96141607
2.4875622,1.2437811,37732,,866424,684124,285608,398516,147456,0.67274386,0.95507395
1.7632241,1.0075567,37732,,866548,684000,285484,398516,147456,0.2200464,1.2597547
3.0,1.0,37732,,866424,684124,285608,398516,147456,0.5244281,1.0215446
2.5,1.25,37732,,866424,684124,285608,398516,147456,0.48150945,1.146185
1.9950125,0.99750626,37732,,866212,684336,285816,398520,147456,0.20746446,1.2806704
2.25,1.25,37732,,866296,684252,285732,398520,147456,0.4104973,1.4907397
1.2531328,0.7518797,37732,,866420,684128,285608,398520,147456,0.16609478,1.4769107
1.2626263,1.010101,37732,,866544,684004,285484,398520,147456,1.0880034,1.4338481
1.0050251,1.0050251,37732,,866668,683880,285360,398520,147456,0.48346883,1.013739
2.5125628,1.2562814,37732,,867116,683432,286972,396460,147456,0.62749475,0.9330511
0.5089058,1.0178117,37732,,867116,683432,286972,396460,147456,7.353637,3.5186687
1.758794,1.2562814,37732,,867116,683432,286972,396460,147456,6.4414005,3.0201354
0.75757575,1.010101,37732,,867240,683308,286848,396460,147456,6.297386,2.9406743
2.2842638,2.2842638,37732,,867120,683428,286968,396460,147456,5.8713408,2.4852264
2.0100503,1.758794,37732,,866992,683556,287096,396460,147456,4.774431,8.000607
2.4937656,0.99750626,37732,,867008,683540,286972,396568,147456,4.821883,4.1298847
0.75949365,1.2658228,37732,,867132,683416,286848,396568,147456,4.6872535,1.7637136
2.0151134,1.511335,37732,,867352,683196,286476,396720,147456,3.8945265,1.7417718
2.244389,1.2468828,37732,,867312,683236,286476,396760,147456,3.6199975,1.8687539
1.5,1.0,37732,,867312,683236,286476,396760,147456,3.3215199,1.0509113
3.233831,0.99502486,37732,,867312,683236,286476,396760,147456,3.377256,0.8663001
1.5075377,1.0050251,37732,,867320,683228,286476,396752,147456,3.1307168,0.8213846
1.5151515,1.010101,37732,,867436,683112,286352,396760,147456,3.1949766,0.79162776
1.2594458,1.0075567,37732,,867436,683112,286352,396760,147456,3.2991967,0.77706826
2.0,1.25,37732,,867436,683112,286352,396760,147456,3.1784182,0.7357177
2.4937656,1.2468828,37732,,867188,683360,286600,396760,147456,2.9386785,0.86694896
2.7431421,1.2468828,37732,,867188,683360,286600,396760,147456,2.4304442,0.8250898
3.2828283,1.010101,37732,,866744,683804,286600,397204,147456,2.2895927,0.79972446
1.5189873,1.0126582,37732,,867004,683544,286352,397192,147456,0.96417356,0.51561415
2.0100503,1.2562814,37732,,866800,683748,286552,397196,147456,1.1847637,0.17497858
1.75,1.0,37732,,866876,683672,286476,397196,147456,0.85738176,0.6181278
1.7632241,1.0075567,37732,,867000,683548,286352,397196,147456,1.0525497,0.31401592
2.244389,1.2468828,37732,,866800,683748,286552,397196,147456,1.1360385,0.17161524
2.4875622,0.99502486,37732,,866892,683656,286468,397188,147456,0.8169477,0.6153142
2.244389,0.99750626,37732,,866876,683672,286476,397196,147456,1.0938897,0.3004685
1.511335,1.2594458,37732,,866876,683672,286476,397196,147456,1.072104,0.31521955
1.0075567,1.0075567,37732,,867000,683548,286352,397196,147456,0.72560287,0.53054404
1.9950125,1.2468828,37732,,867000,683548,286352,397196,147456,1.0764806,0.1658171
11.793612,1.4742014,37732,,861116,689432,303984,385448,147456,0.8405248,0.36434698
14.358974,1.0256411,37732,,861420,689128,298940,390188,147456,130.24666,167.1733
6.169666,0.5141388,37732,,861424,689124,298300,390824,147456,54.968575,77.88889
11.027569,0.5012531,37732,,861464,689084,297720,391364,147456,47.591553,63.63787
10.769231,0.51282054,37732,,861952,688596,299144,389452,147456,37.700348,53.030556
9.207161,0.51150894,37732,,862120,688428,298920,389508,147456,37.342896,50.900753
9.67742,0.24813896,37732,,861904,688644,299128,389516,147456,32.65198,43.82733
11.111111,0.49382716,37732,,861732,688816,299300,389516,147456,32.72369,43.265896
12.990196,4.1666665,37732,,866448,684100,287892,396208,147456,28.97938,40.032616
4.347826,3.0690536,37732,,866868,683680,281240,402440,147456,8.297102,32.836212
2.5316455,1.2658228,37732,,868144,682404,287048,395356,147456,10.0602865,21.952911
3.960396,0.990099,37732,,868292,682256,287292,394964,147456,2.7854397,1.0572627
2.2727273,1.010101,37732,,868644,681904,286948,394956,147456,3.449069,1.1075808
14.936708,1.2658228,37732,,860252,690296,289672,400624,147456,4.412958,1.6664135
0.2538071,0.2538071,37732,,859812,690736,289896,400840,147456,13.960313,36.712654
1.010101,0.25252524,37732,,859804,690744,289904,400840,147456,17.360662,39.126137
9.82801,0.24570024,37732,,859480,691068,289780,401288,147456,15.691383,36.277138
5.970149,0.24875621,37732,,859680,690868,289508,401360,147456,15.12222,36.75707
0.0,0.2512563,37732,,859656,690892,289532,401360,147456,13.363521,33.039066
0.5,0.25,37732,,859788,690760,289408,401352,147456,12.339048,31.311348
0.99750626,0.24937657,37732,,859780,690768,289408,401360,147456,11.073658,28.863573
0.25,0.25,37732,,859780,690768,289408,401360,147456,10.399999,27.573532
0.5,0.25,37732,,859904,690644,289408,401360,147456,9.850545,26.368895
0.24937657,0.49875313,37732,,860028,690520,289160,401360,147456,8.993148,24.692936
1.0,0.25,37732,,860028,690520,289160,401360,147456,7.3456373,22.432459
0.25,0.5,37732,,860028,690520,289160,401360,147456,7.9148664,22.343485
8.629441,0.0,37732,,860452,690096,288000,402220,147456,6.6878877,20.97653
15.308642,0.24691358,37732,,875348,675200,276372,398828,147456,7.294177,21.244396
2.4813895,0.49627793,37732,,875412,675136,276352,398784,147456,32.777992,28.378407
11.557789,0.0,37732,,876132,674416,276592,397824,147456,29.72334,25.04073
5.0,0.5,37732,,876280,674268,276468,397800,147456,30.62227,25.648773
1.5151515,0.5050505,37732,,877176,673372,277320,396052,147456,27.08563,22.325085
0.5050505,0.0,37732,,877164,673384,277340,396044,147456,27.472063,21.624577
10.301508,0.2512563,37732,,876288,674260,275444,398816,147456,27.042799,20.841305
1.7811705,0.2544529,37732,,876608,673940,274748,399192,147456,22.639343,18.991182
15.538847,0.25062656,37732,,874912,675636,272752,402884,147456,23.333769,19.438213
60.62176,0.25906736,37732,,894264,656284,272680,383740,147456,23.613482,22.114033
35.910225,0.49875313,37732,,892668,657880,273640,384260,147456,105.298706,92.19008
26.842106,0.0,37732,,893860,656688,273408,383280,147456,75.45577,63.70235
23.880596,0.49751243,37732,,893900,656648,275232,381416,147456,70.76992,58.790897
21.705427,0.25839794,37732,,894976,655572,274716,380856,147456,61.49651,49.979893
34.42211,0.5025126,37732,,888420,662128,279912,382216,147456,58.74568,46.45024
9.137055,0.0,37732,,882732,667816,288776,379088,147456,32.577793,23.914408
4.1131105,0.5141388,37732,,882268,668280,288936,379344,147456,30.663328,19.852005
11.19403,0.0,37732,,881900,668648,288824,379824,147456,25.27619,15.891842
11.7794485,2.0050125,37732,,882104,668444,288652,379792,147456,23.849228,14.668884
8.270677,2.0050125,37732,,882176,668372,288600,379772,147456,18.73764,16.016502
8.291457,1.758794,37732,,879528,671020,291244,379776,147456,17.76251,15.030095
4.2713566,1.0050251,37732,,879372,671176,291328,379848,147456,15.080783,12.116057
2.4937656,1.2468828,37732,,879372,671176,291328,379848,147456,14.482037,9.203203
2.0151134,1.2594458,37732,,879376,671172,291328,379844,147456,13.736447,9.054202
1.5228426,1.0152284,37732,,878908,671640,290460,381180,147456,13.07192,8.5959835
16.262136,0.7281553,37732,,877468,673080,291904,381176,147456,10.836047,6.253644
1.0075567,0.25188917,37732,,877468,673080,291904,381176,147456,9.3327265,5.9213214
20.603016,0.2512563,37732,,887332,663216,275196,388020,147456,10.580591,6.2931437
24.5,0.5,37732,,888548,662000,276272,386188,147456,17.519852,12.508032
23.237598,0.0,37732,,890624,659924,277276,382648,147456,17.447882,12.303728
19.651741,0.24875621,37732,,890304,660244,277572,382672,147456,22.210548,15.629118
15.625,0.26041666,37732,,891348,659200,277076,382124,147456,19.719215,13.494768
14.175258,0.25773194,37732,,891900,658648,278424,380224,147456,21.133797,14.25219
16.243654,0.0,37732,,891676,658872,278640,380232,147456,21.56349,14.184357
17.557251,0.5089058,37732,,892036,658512,280176,378336,147456,20.740059,13.744109
17.75,0.0,37732,,892036,658512,280176,378336,147456,19.011526,12.607711
17.435898,0.25641027,37732,,891044,659504,281168,378336,147456,19.818415,12.941481
20.971867,0.25575447,37732,,890676,659872,280972,378900,147456,16.785278,10.481305
21.927711,0.48192772,37732,,891576,658972,279104,379868,147456,15.456694,9.450217
15.829145,0.5025126,37732,,895012,655536,275232,380304,147456,15.00764,9.503905
17.632242,0.50377834,37732,,894880,655668,275356,380312,147456,20.458817,13.556904
16.0,0.0,37732,,892324,658224,276596,381628,147456,19.137363,12.650674
16.537468,0.5167959,37732,,892324,658224,276596,381628,147456,16.053026,10.047443
12.919897,0.0,37732,,892324,658224,276596,381628,147456,14.214886,8.629308
12.694301,0.0,37732,,893180,657368,278160,379208,147456,15.37054,9.274757
13.659794,0.5154639,37732,,893056,657492,278208,379284,147456,16.131664,9.525042
19.7995,0.25062656,37732,,892060,658488,275356,383132,147456,14.192881,8.051432
23.155216,0.0,37732,,892612,657936,271760,386176,147456,12.691797,7.788191
37.81726,0.2538071,37732,,895792,654756,274696,379912,147456,14.8623085,10.30477
29.5,0.25,37732,,900660,649888,277356,372532,147456,16.103203,10.5582075
18.592964,0.2512563,37732,,899276,651272,281268,370004,147456,22.390783,15.333422
28.93401,0.2538071,37732,,901520,649028,275220,373808,147456,21.009388,13.725931
22.166246,0.50377834,37732,,903064,647484,277144,370340,147456,21.30376,14.68621
19.08397,0.0,37732,,903752,646796,276324,370472,147456,22.883472,15.475685
20.050762,0.0,37732,,903856,646692,276300,370392,147456,24.819593,16.233253
22.727272,0.5050505,37732,,904104,646444,277020,369424,147456,23.712013,15.471839
23.785166,0.25575447,37732,,904572,645976,276060,369916,147456,21.20552,14.11769
24.935732,0.0,37732,,905940,644608,275472,369136,147456,21.387123,14.116982
21.827412,0.2538071,37732,,906476,644072,276648,367424,147456,23.041592,15.429472
24.49495,0.25252524,37732,,908368,642180,276780,365400,147456,22.42883,14.662185
22.27848,0.25316456,37732,,908080,642468,276984,365484,147456,23.546143,15.924956
22.797928,0.25906736,37732,,900036,650512,284720,365792,147456,22.453209,14.740223
19.170984,0.25906736,37732,,901388,649160,265908,383252,147456,14.913063,8.638653
5.357143,0.5102041,37732,,901220,649328,265912,383416,147456,17.74568,13.157995
6.5326633,0.0,37732,,901996,648552,285808,362744,147456,16.913479,12.144892
10.969388,0.5102041,37732,,903204,647344,284336,363008,147456,18.583403,10.663546
50.0,0.24752475,37732,,916356,634192,285984,348052,147456,16.378471,9.604883
24.25,0.5,37732,,915252,635296,279468,355828,147456,33.35864,24.392614
21.039604,0.24752475,37732,,915196,635352,279052,356300,147456,25.159483,17.596691
23.209877,0.9876543,37732,,916520,634028,278448,355580,147456,24.352892,16.57138
16.363636,0.0,37732,,916416,634132,278756,355376,147456,23.444025,16.877947
25.060242,0.24096386,37732,,915712,634836,279604,355232,147456,24.947075,16.267225
25.0,0.0,37732,,910752,639796,284356,355392,147456,21.612965,14.374491
36.626507,0.48192772,37732,,911236,639312,283788,355524,147456,18.633106,11.494156
16.666666,0.7692308,37732,,910508,640040,284040,356000,147456,16.461403,10.334974
18.434343,0.25252524,37732,,909944,640604,287120,353484,147456,15.33028,9.465267
21.813726,0.24509804,37732,,909908,640640,287192,353448,147456,16.950844,10.219809
21.375921,0.0,37732,,910680,639868,286256,353612,147456,16.161594,9.782372
24.3309,0.486618,37732,,910300,640248,286752,353496,147456,16.664343,9.883956
19.592875,0.2544529,37732,,909548,641000,285236,355764,147456,14.478207,8.757692
23.019802,0.24752475,37732,,912456,638092,282028,356064,147456,13.347895,7.4725437
18.891687,0.25188917,37732,,911764,638784,282336,356448,147456,13.862312,8.006633
19.554455,0.0,37732,,911820,638728,282280,356448,147456,13.053284,7.33631
18.781727,0.2538071,37732,,912324,638224,281752,356472,147456,13.543738,7.5702333
20.782396,0.48899755,37732,,912896,637652,282860,354792,147456,12.5701275,7.0000906
24.514563,0.0,37732,,914020,636528,281320,355208,147456,12.420216,7.072318
18.85856,0.49627793,37732,,914120,636428,281148,355280,147456,13.777973,7.8389773
18.453865,0.24937657,37732,,914028,636520,281300,355220,147456,12.149653,6.927479
20.0,0.24691358,37732,,914312,636236,281132,355104,147456,12.330158,6.832907
18.204489,0.24937657,37732,,914712,635836,282512,353324,147456,12.143223,6.7248836
17.25,0.25,37732,,914696,635852,282620,353232,147456,12.480115,6.885179
18.6398,0.25188917,37732,,916988,633560,279792,353768,147456,12.205007,6.6498337
17.0,0.5,37732,,916352,634196,280412,353784,147456,13.008685,7.311091
18.045113,0.25062656,37732,,916352,634196,280412,353784,147456,11.887936,6.5771723
20.975609,0.24390244,37732,,917204,633344,280968,352376,147456,11.920012,6.5293627
20.149254,0.24875621,37732,,917552,632996,280784,352212,147456,12.171835,6.767686
20.197044,0.24630542,37732,,915828,634720,282508,352212,147456,12.056475,6.6885133
24.582338,0.23866348,37732,,915688,634860,282500,352360,147456,11.062279,5.8515153
22.469135,0.24691358,37732,,915588,634960,282600,352360,147456,10.71583,5.6078644
20.681265,0.486618,37732,,916244,634304,281924,352380,147456,10.431131,5.391645
20.698254,0.49875313,37732,,916336,634212,282000,352220,147456,9.940816,5.248561
18.13602,0.0,37732,,916748,633800,281428,352372,147456,9.766354,5.1289296
17.994858,0.2570694,37732,,917128,633420,281056,352364,147456,11.037232,5.707075
19.289341,0.2538071,37732,,916944,633604,280932,352672,147456,10.160611,5.2173486
24.154589,0.2415459,37732,,917372,633176,280500,352676,147456,9.80732,4.9872637
16.923077,0.51282054,37732,,919568,630980,277740,353240,147456,9.794927,5.0181475
14.805195,0.0,37732,,920292,630256,278528,351728,147456,11.316238,5.8117647
16.32653,0.25510204,37732,,920276,630272,278452,351820,147456,12.332431,6.432182
17.171717,0.75757575,37732,,919704,630844,279024,351820,147456,11.470472,5.810887
17.258883,0.0,37732,,921248,629300,276964,352336,147456,10.160703,5.389395
16.120907,0.25188917,37732,,922312,628236,278248,349988,147456,12.447063,6.578022
20.293398,0.24449877,37732,,922436,628112,278204,349908,147456,12.044722,6.1800814
20.049505,0.4950495,37732,,920532,630016,280108,349908,147456,11.475157,6.0700707
20.246914,0.0,37732,,920824,629724,279816,349908,147456,9.367561,4.8890395
17.632242,0.0,37732,,921080,629468,279568,349900,147456,10.5275,5.4390903
13.178294,0.25839794,37732,,921112,629436,279544,349892,147456,10.559724,5.401208
17.444717,0.24570024,37732,,921368,629180,279272,349908,147456,10.200267,4.840975
16.331657,0.2512563,37732,,921320,629228,279320,349908,147456,9.908757,4.835623
17.632242,0.25188917,37732,,921568,628980,279072,349908,147456,9.770952,4.6840844
19.554455,0.24752475,37732,,921568,628980,279072,349908,147456,9.677888,4.66882
18.34171,0.2512563,37732,,923488,627060,276716,350344,147456,9.327428,4.5559306
16.494844,0.25773194,37732,,923504,627044,276592,350452,147456,10.964244,5.4755464
18.5,0.25,37732,,924144,626404,275952,350452,147456,10.944679,5.371942
16.624685,0.25188917,37732,,924104,626444,275972,350472,147456,11.187567,5.6358523
16.834171,0.75376886,37732,,924520,626028,275552,350476,147456,11.093848,5.4825063
18.610422,0.0,37732,,924588,625960,277104,348856,147456,10.919699,5.704022
19.402985,0.24875621,37732,,924616,625932,277064,348868,147456,10.923624,5.5412354
18.734793,0.486618,37732,,924712,625836,276964,348872,147456,10.225641,5.0226526
15.841584,0.24752475,37732,,923072,627476,278548,348928,147456,9.864904,4.8480825
17.777779,0.24691358,37732,,923416,627132,278204,348928,147456,9.001552,4.082065
17.821783,0.24752475,37732,,923852,626696,277784,348912,147456,8.9822645,4.1358867
19.25926,0.49382716,37732,,924192,626356,277428,348928,147456,9.154377,4.2348433
18.905472,0.0,37732,,924540,626008,277080,348928,147456,8.820755,4.1991863
16.368286,0.51150894,37732,,924456,626092,277108,348984,147456,9.799937,4.7844615
17.424242,0.5050505,37732,,924540,626008,276956,349052,147456,9.037406,4.1581807
20.93596,0.0,37732,,926320,624228,274608,349620,147456,8.897112,4.122609
17.048346,0.5089058,37732,,927340,623208,276580,346752,147456,10.965247,5.7054024
17.676767,0.0,37732,,927460,623088,276336,346752,147456,10.023224,4.836657
18.939394,0.25252524,37732,,929080,621468,274224,347244,147456,10.730644,5.325408
20.099257,0.7444169,37732,,928812,621736,274472,347264,147456,11.601286,5.9292097
17.171717,0.25252524,37732,,929948,620600,285564,335152,147456,10.712946,5.7652664
16.062176,0.25906736,37732,,929848,620700,285612,335088,147456,11.397143,6.0926867
16.666666,0.25252524,37732,,929948,620600,285512,335088,147456,11.2202635,5.927229
17.574257,0.24752475,37732,,928088,622460,287372,335088,147456,10.996279,5.7792163
17.530865,0.24691358,37732,,928212,622336,287248,335088,147456,10.525309,5.79267
16.541353,0.25062656,37732,,927964,622584,287496,335088,147456,10.353224,5.6433535
16.071428,0.25510204,37732,,927964,622584,287496,335088,147456,10.191962,5.5497656
18.13602,0.50377834,37732,,927196,623352,288240,335112,147456,10.041268,5.4239845
15.012723,0.0,37732,,927568,622980,287868,335112,147456,9.138717,5.36921
15.025907,0.5181347,37732,,927812,622736,287620,335116,147456,10.463044,5.6517186
19.852942,0.0,37732,,929256,621292,285636,335656,147456,9.049672,5.038201
18.362284,0.49627793,37732,,929628,620920,285264,335656,147456,9.957977,5.0089684
17.258883,0.0,37732,,930396,620152,284496,335656,147456,8.637582,4.4317284
18.13602,0.25188917,37732,,930992,619556,283900,335656,147456,9.900791,4.790183
18.367348,0.5102041,37732,,931116,619432,283776,335656,147456,8.989428,4.3260074
18.387909,0.25188917,37732,,931348,619200,283552,335648,147456,8.391182,4.176698
16.41791,0.24875621,37732,,931340,619208,283552,335656,147456,8.737941,4.1587834
20.0,0.23809524,37732,,931536,619012,283356,335656,147456,8.68008,4.0651364
17.444717,0.49140048,37732,,929812,620736,285080,335656,147456,8.483027,4.0003743
16.919191,0.5050505,37732,,929852,620696,285040,335656,147456,7.7705674,3.789839
20.588236,0.49019608,37732,,930344,620204,284544,335660,147456,7.668034,3.7162282
17.121588,0.0,37732,,930468,620080,284420,335660,147456,7.528351,3.6258214
19.602978,0.24813896,37732,,930616,619932,284272,335660,147456,8.74329,3.9977515
19.19192,0.25252524,37732,,930740,619808,284148,335660,147456,7.7770185,3.5422466
17.34694,0.5102041,37732,,930468,620080,284420,335660,147456,7.6813207,3.468404
17.974684,0.25316456,37732,,933032,617516,281320,336196,147456,7.1728168,3.3492956
17.042606,0.25062656,37732,,933404,617144,280948,336196,147456,7.788172,3.5232174
20.493828,0.24691358,37732,,935132,615416,278468,336948,147456,7.8243318,3.534834
17.22365,0.7712082,37732,,934636,615912,278964,336948,147456,8.578024,4.065116
17.88413,0.0,37732,,934636,615912,278964,336948,147456,8.074883,4.064265
16.243654,0.5076142,37732,,935588,614960,279568,335392,147456,8.735222,4.096691
18.25,0.25,37732,,935420,615128,279708,335420,147456,8.160984,3.7881541
18.92583,0.51150894,37732,,924692,625856,290136,335720,147456,8.084392,3.7019227
19.143578,0.0,37732,,924172,626376,290596,335780,147456,5.8715076,4.1207237
19.756098,0.24390244,37732,,924316,626232,290472,335760,147456,6.900555,4.675126
17.34694,0.25510204,37732,,924272,626276,290496,335780,147456,6.1330395,4.196081
18.090452,0.5025126,37732,,919684,630864,295084,335780,147456,6.0482607,4.1415024
17.72152,0.25316456,37732,,919608,630940,295208,335780,147456,4.939729,6.8002806
17.557251,0.2544529,37732,,919808,630740,294960,335780,147456,5.255459,6.8204174
20.493828,0.24691358,37732,,919684,630864,295084,335780,147456,5.2259865,6.524499
16.202532,0.25316456,37732,,918960,631588,295812,335776,147456,5.1731944,6.5179205
18.944843,0.4796163,37732,,918484,632064,296284,335780,147456,5.0194216,6.9469976
17.602041,0.5102041,37732,,918764,631784,295464,336320,147456,4.5639014,7.1505895
15.521628,0.2544529,37732,,918748,631800,295464,336336,147456,4.436951,6.3642025
15.151515,0.5050505,37732,,918748,631800,295464,336336,147456,4.7711067,6.2882276
16.990292,0.0,37732,,919388,631160,294820,336340,147456,4.3582087,6.167978
18.292683,0.4878049,37732,,918088,632460,296120,336340,147456,5.491684,6.0433655
16.541353,0.25062656,37732,,918524,632024,295688,336336,147456,4.2004495,6.448064
19.16462,0.49140048,37732,,918868,631680,295340,336340,147456,4.5827713,6.079763
21.601942,0.24271844,37732,,919116,631432,295092,336340,147456,4.2102947,5.725503
17.955112,0.24937657,37732,,919412,631136,294796,336340,147456,4.587734,5.523523
16.666666,0.5050505,37732,,919636,630912,294572,336340,147456,4.5793552,5.2593093
18.066158,0.2544529,37732,,920116,630432,294100,336332,147456,4.193975,5.0349746
18.546366,0.25062656,37732,,920480,630068,293728,336340,147456,4.588949,4.718642
18.952618,0.49875313,37732,,920728,629820,293480,336340,147456,4.604217,4.4604917
18.978102,0.486618,37732,,920728,629820,293480,336340,147456,4.215371,4.257412
16.071428,0.25510204,37732,,920852,629696,293356,336340,147456,4.189871,4.2041087
17.369726,0.24813896,37732,,920876,629672,293332,336340,147456,4.553005,4.120534
18.204489,0.24937657,37732,,920972,629576,293232,336344,147456,4.5270557,4.069664
19.362745,0.49019608,37732,,919696,630852,294508,336344,147456,4.4937167,3.9753542
17.51269,0.0,37732,,919732,630816,294472,336344,147456,3.9126382,4.5831294
16.080402,0.2512563,37732,,919856,630692,294348,336344,147456,4.986385,4.903406
16.876574,0.50377834,37732,,920352,630196,293852,336344,147456,4.254141,4.4132614
17.58794,0.2512563,37732,,921096,629452,293108,336344,147456,3.9024813,4.092971
19.106699,0.24813896,37732,,921756,628792,292464,336328,147456,4.342853,3.695336
20.197044,0.24630542,37732,,921964,628584,292240,336344,147456,4.3919635,3.3739913
16.666666,0.25641027,37732,,921364,629184,292840,336344,147456,4.3778934,3.2466319
17.839195,0.5025126,37732,,921104,629444,293100,336344,147456,4.274269,3.468016
17.902813,0.25575447,37732,,921228,629320,292976,336344,147456,3.8307533,3.5518198
18.686869,0.25252524,37732,,921408,629140,292804,336336,147456,4.186956,3.4638216
16.071428,0.5102041,37732,,921596,628952,292604,336348,147456,4.180727,3.3578272
19.315403,0.0,37732,,919896,630652,294304,336348,147456,3.8066022,3.2427182
19.362745,0.24509804,37732,,921120,629428,292636,336792,147456,4.656043,4.3816814
18.362284,0.24813896,37732,,922076,628472,291408,337188,147456,4.0115614,3.1425614
19.651741,0.24875621,37732,,923712,626836,289408,337428,147456,4.0475216,2.5931902
15.601023,0.51150894,37732,,923880,626668,289232,337436,147456,4.034945,1.926433
19.951923,0.48076922,37732,,924228,626320,288884,337436,147456,3.7433016,1.8744409
13.989637,0.5181347,37732,,924476,626072,288636,337436,147456,3.6307216,1.7565686
15.829145,0.0,37732,,924848,625700,288264,337436,147456,3.7728536,1.7153722
19.512196,0.73170733,37732,,925096,625452,288016,337436,147456,4.8547454,1.9745506
14.720812,0.2538071,37732,,925100,625448,288016,337432,147456,3.5899546,1.885283
17.676767,0.25252524,37732,,925220,625328,287892,337436,147456,4.151929,1.5339371
16.284986,0.2544529,37732,,925604,624944,287520,337424,147456,3.972962,1.4980633
15.284974,0.5181347,37732,,924064,626484,289044,337440,147456,4.0105157,1.4254942
16.966581,0.0,37732,,923964,626584,289160,337424,147456,3.5408897,1.720863
17.28395,0.49382716,37732,,923976,626572,289132,337440,147456,4.6136575,2.076018
20.04831,0.2415459,37732,,924100,626448,289008,337440,147456,3.4246342,1.6950148
16.876574,0.25188917,37732,,924472,626076,288636,337440,147456,3.736539,1.6535549
18.066158,0.2544529,37732,,924720,625828,288388,337440,147456,3.8039002,1.5498002
17.206982,0.24937657,37732,,925092,625456,288016,337440,147456,3.7444806,1.4838849
18.159204,0.24875621,37732,,925620,624928,287620,337432,147456,3.7744918,1.4047807
18.87255,0.7352941,37732,,925588,624960,287520,337440,147456,3.7641194,1.3374745
16.202532,0.5063291,37732,,926332,624216,286776,337440,147456,3.3487291,1.6700038
19.607843,0.0,37732,,926332,624216,286776,337440,147456,3.4155457,1.2122484
19.106699,0.49627793,37732,,926840,623708,286280,337428,147456,4.441646,1.5401645
20.246914,0.0,37732,,925424,625124,287680,337444,147456,3.3803766,1.1369376
19.801981,0.4950495,37732,,925212,625336,287892,337444,147456,4.3199577,1.6324037
15.189874,0.25316456,37732,,924812,625736,288292,337444,147456,3.1935778,1.3119838
17.336683,0.2512563,37732,,924964,625584,288140,337444,147456,3.6781733,1.356838
17.72152,0.25316456,37732,,925200,625348,287892,337456,147456,3.5452492,1.3171215
18.34171,0.2512563,37732,,925580,624968,287520,337448,147456,3.5168874,1.2581456
17.777779,0.24691358,37732,,925944,624604,287148,337456,147456,3.5058312,1.1882298
18.765432,0.49382716,37732,,927912,622636,284624,338012,147456,3.524281,1.1263705
15.776081,0.2544529,37732,,927896,622652,284668,337984,147456,3.180854,0.9258226
18.34171,0.2512563,37732,,928144,622404,284420,337984,147456,3.5476587,0.8937621
16.27907,0.5167959,37732,,928480,622068,286204,335864,147456,3.5110536,0.8891274
17.326733,0.24752475,37732,,926808,623740,287880,335860,147456,3.5125062,1.216874
20.293398,0.48899755,37732,,927164,623384,287520,335864,147456,3.7474275,1.3629502
17.839195,0.5025126,37732,,927536,623012,287148,335864,147456,3.3406117,1.3104393
18.564356,0.24752475,37732,,927660,622888,287024,335864,147456,3.3590908,1.2588146
20.0,0.49382716,37732,,928160,622388,286528,335860,147456,3.6984963,1.2019802
18.34171,0.5025126,37732,,928652,621896,286032,335864,147456,3.3594692,1.1610285
18.5,0.0,37732,,929360,621188,285288,335900,147456,3.3732903,1.1187923
18.316832,0.4950495,37732,,929108,621440,285536,335904,147456,4.481236,1.3994926
17.690418,0.24570024,37732,,929356,621192,285288,335904,147456,3.3500965,1.0613401
21.654501,0.243309,37732,,929480,621068,285164,335904,147456,3.7057772,1.0177712
19.346733,0.2512563,37732,,929852,620696,284792,335904,147456,3.6579714,1.0051162
15.167095,0.5141388,37732,,928944,621604,287768,333836,147456,3.662345,0.987506
17.777779,0.24691358,37732,,928936,621612,287768,333844,147456,3.6622422,1.5049316
19.5,0.25,37732,,928936,621612,287768,333844,147456,3.9328208,1.4428376
18.765432,0.49382716,37732,,928936,621612,287768,333844,147456,3.8617554,1.4273522
16.202532,0.25316456,37732,,929184,621364,287520,333844,147456,3.4987245,1.446773
16.915422,0.24875621,37732,,930300,620248,286404,333844,147456,3.917755,1.3608338
17.54386,0.25062656,37732,,930796,619752,285908,333844,147456,3.9373798,1.2233605
20.09804,0.49019608,37732,,931044,619504,285660,333844,147456,3.9204218,1.1768391
17.005075,0.2538071,37732,,930548,620000,286156,333844,147456,3.5536423,1.1859477
18.453865,0.24937657,37732,,931044,619504,285660,333844,147456,3.865091,1.1628233
15.601023,0.25575447,37732,,931168,619380,285536,333844,147456,3.858617,1.1273435
17.164179,0.49751243,37732,,930068,620480,286636,333844,147456,3.8879914,1.1063071
18.610422,0.24813896,37732,,930052,620496,286652,333844,147456,3.4087665,1.2095784
17.0,0.25,37732,,930424,620124,286280,333844,147456,3.7153711,1.1581182
17.58794,0.2512563,37732,,931896,618652,284256,334396,147456,3.7462964,1.1120032
18.5,0.25,37732,,932028,618520,285680,332840,147456,3.7324078,1.0014292
15.829145,0.2512563,37732,,932164,618384,285620,332764,147456,3.948802,1.1795086
19.323671,0.4830918,37732,,932164,618384,285620,332764,147456,3.999721,1.1729524
18.87255,0.49019608,37732,,932288,618260,285496,332764,147456,3.5804534,1.1945137
16.0,0.5,37732,,932412,618136,285372,332764,147456,3.5590158,1.1845676
15.012723,0.2544529,37732,,933508,617040,283760,333280,147456,3.585246,1.1786675
17.54386,0.5012531,37732,,933508,617040,283760,333280,147456,3.9922397,1.0973855
18.85856,0.49627793,37732,,932936,617612,283840,333772,147456,3.5626104,1.1390902
19.211823,0.24630542,37732,,932844,617704,283960,333744,147456,3.4033267,1.0511835
19.0,0.25,37732,,934032,616516,284332,332184,147456,3.7094936,0.988597
20.343138,0.49019608,37732,,934876,615672,283512,332160,147456,3.989413,1.1549834
17.412935,0.24875621,37732,,934876,615672,283512,332160,147456,3.7561069,1.2493311
16.40625,0.26041666,37732,,935488,615060,284380,330680,147456,4.101069,1.1912472
18.826406,0.7334963,37732,,935240,615308,284628,330680,147456,4.302404,1.3116294
20.673077,0.24038461,37732,,935488,615060,284380,330680,147456,3.9194012,1.7740952
17.866005,0.24813896,37732,,935488,615060,284380,330680,147456,4.223439,1.2921597
19.950125,0.24937657,37732,,935612,614936,284256,330680,147456,4.204072,1.2711916
17.45636,0.24937657,37732,,934436,616112,285432,330680,147456,4.169205,1.261259
15.051021,0.25510204,37732,,934644,615904,285224,330680,147456,4.069308,1.2260133
17.974684,0.5063291,37732,,934500,616048,285372,330676,147456,4.124722,1.2053546
19.30693,0.24752475,37732,,934612,615936,285248,330688,147456,3.6606345,1.2645481
20.481928,0.24096386,37732,,935232,615316,284628,330688,147456,3.9836257,1.1817836
18.952618,0.49875313,37732,,935604,614944,284256,330688,147456,4.010313,1.177255
19.554455,0.4950495,37732,,935728,614820,284132,330688,147456,3.687215,1.2338601
16.962025,0.25316456,37732,,935848,614700,284008,330692,147456,3.6777425,1.2230144
16.919191,0.25252524,37732,,935972,614576,283884,330692,147456,4.0400195,1.1575397
14.936708,0.5063291,37732,,936096,614452,283760,330692,147456,4.0368185,1.1526803
16.836735,0.25510204,37732,,935464,615084,286300,328784,147456,3.7638943,1.2217635
15.736041,0.2538071,37732,,935768,614780,285992,328788,147456,4.2390866,1.3851434
16.70823,0.24937657,37732,,936516,614032,284752,329280,147456,4.2703137,1.349636
16.836735,0.5102041,37732,,936888,613660,284380,329280,147456,4.1730256,1.2474495
15.641026,0.51282054,37732,,937384,613164,283884,329280,147456,3.8404665,1.3246675
15.40404,0.25252524,37732,,938420,612128,285300,326680,147456,3.9272866,1.3444316
18.159807,0.4842615,37732,,937920,612628,285876,326752,147456,4.731739,1.5564075
18.85856,0.49627793,37732,,938000,612548,284760,327788,147456,4.2481065,1.6103531
18.581907,0.0,37732,,937884,612664,284668,327996,147456,4.017961,1.4445552
17.574257,0.7425743,37732,,938004,612544,284544,328000,147456,5.060343,1.7001851
19.65602,0.49140048,37732,,937424,613124,285124,328000,147456,3.9974499,1.8780286
16.957605,0.0,37732,,937756,612792,284792,328000,147456,3.8521848,1.360297
20.782396,0.9779951,37732,,938120,612428,284420,328008,147456,5.0177584,1.6518837
16.962025,0.0,37732,,938492,612056,284048,328008,147456,3.762778,2.7024686
18.952618,0.49875313,37732,,939236,611312,283428,328008,147456,5.0483437,1.653913
18.25,0.5,37732,,938988,611560,283552,328008,147456,3.997634,1.4145024
19.19192,0.25252524,37732,,938988,611560,283552,328008,147456,3.935731,1.3745303
16.27907,0.5167959,37732,,939240,611308,283304,328004,147456,4.225164,1.2855381
15.521628,0.2544529,37732,,939484,611064,283056,328008,147456,3.9853494,1.3936075
16.120907,0.25188917,37732,,938324,612224,284216,328008,147456,4.3641357,1.312713
19.897959,0.25510204,37732,,938368,612180,284172,328008,147456,4.117756,1.1907167
19.012346,0.49382716,37732,,938864,611684,283676,328008,147456,4.0162153,1.1775826
18.844221,0.2512563,37732,,939448,611100,284792,326356,147456,3.7615993,1.271647
19.059406,0.24752475,37732,,940020,610528,284172,326356,147456,4.3134065,1.3612083
18.546366,0.7518797,37732,,940160,610388,284048,326340,147456,4.357132,1.3677872
19.362745,0.24509804,37732,,940392,610156,283800,326356,147456,4.0544114,1.9663211
16.372795,0.25188917,37732,,940144,610404,284048,326356,147456,4.364084,1.3656912
18.796993,0.25062656,37732,,940888,609660,283304,326356,147456,4.3548346,1.3269029
19.106699,0.49627793,37732,,940200,610348,283832,326516,147456,4.3927746,1.381972
18.40796,0.24875621,37732,,940092,610456,283924,326532,147456,3.9074566,1.3669038
22.627737,0.243309,37732,,940720,609828,284764,325128,147456,4.1992397,1.2679051
17.121588,0.49627793,37732,,941224,609324,284176,325148,147456,4.394355,1.4213961
14.683544,0.25316456,37732,,941344,609204,284204,325000,147456,4.1478443,1.4939771
19.61259,0.4842615,37732,,941312,609236,284252,324984,147456,4.573516,1.4182687
20.833334,0.24509804,37732,,941512,609036,283928,325108,147456,4.0841613,1.4684806
23.341524,0.49140048,37732,,942208,608340,285180,323160,147456,4.3962216,1.3942866
31.051344,0.7334963,37732,,941780,608768,287524,321244,147456,4.3571105,1.6922909
22.493887,0.48899755,37732,,941328,609220,287624,321596,147456,4.669993,2.6641126
20.802006,0.25062656,37732,,941300,609248,288480,320768,147456,4.5525928,2.1079679
21.078432,0.24509804,37732,,941660,608888,286772,322116,147456,5.0017877,2.317992
19.346733,0.2512563,37732,,940832,609716,286964,322752,147456,4.7551227,1.8029561
19.22141,0.486618,37732,,940884,609664,286920,322744,147456,4.5643897,1.7149142
26.433916,0.49875313,37732,,941776,608772,286632,322140,147456,4.221028,1.7656412
19.0,0.25,37732,,941728,608820,286796,322024,147456,4.3464327,1.8166173
25.735294,0.24509804,37732,,941788,608760,289480,319280,147456,4.6847644,1.7511443
23.0,0.5,37732,,942148,608400,288044,320356,147456,5.096126,2.71123
18.527918,0.2538071,37732,,941044,609504,288868,320636,147456,4.60035,2.251046
21.356785,0.2512563,37732,,940012,610536,288312,322224,147456,4.8430104,2.2958806
16.876574,0.25188917,37732,,939960,610588,288328,322260,147456,4.3864937,1.9242412
18.5,0.5,37732,,939824,610724,288444,322280,147456,4.5146937,1.9083424
21.804512,0.25062656,37732,,940160,610388,288096,322292,147456,4.0325413,2.0116837
17.468355,0.5063291,37732,,939880,610668,288928,321740,147456,4.306337,1.8238312
19.30693,0.24752475,37732,,939992,610556,288824,321732,147456,4.114906,2.1892471
18.891687,0.50377834,37732,,940604,609944,288080,321864,147456,4.415315,2.048048
19.059406,0.24752475,37732,,940836,609712,287832,321880,147456,4.0484834,1.931818
18.472906,0.24630542,37732,,939956,610592,288700,321892,147456,4.385448,1.7676455
20.947632,0.24937657,37732,,940076,610472,288560,321912,147456,4.341673,1.953848
19.700748,0.49875313,37732,,940556,609992,288080,321912,147456,4.244716,1.8995789
18.362284,0.24813896,37732,,941100,609448,287708,321740,147456,3.9365497,1.8668708
17.647058,0.7352941,37732,,940980,609568,287832,321736,147456,4.3478093,1.7064533
16.962025,0.25316456,37732,,940900,609648,287708,321940,147456,4.04301,2.3348472
18.5,0.25,37732,,940900,609648,287708,321940,147456,4.3133593,1.6520712
16.79198,0.25062656,37732,,941024,609524,287584,321940,147456,4.2252436,1.6410358
20.681265,0.486618,37732,,940248,610300,288360,321940,147456,4.2882886,1.6046793
19.554455,0.4950495,37732,,940528,610020,288080,321940,147456,3.7763586,1.8397794
18.159204,0.49751243,37732,,941024,609524,287584,321940,147456,3.7818208,1.773479
17.942583,0.0,37732,,941520,609028,287212,321940,147456,3.809269,1.6639163
18.045113,1.2531328,37732,,941264,609284,287344,321940,147456,4.9895315,1.8793882
16.54321,0.0,37732,,941396,609152,287212,321940,147456,3.65525,4.77531
17.661692,0.49751243,37732,,941404,609144,287212,321932,147456,4.984408,1.8449227
16.32653,0.5102041,37732,,941392,609156,287212,321944,147456,3.759199,1.5554019
19.708029,0.0,37732,,941204,609344,286944,322400,147456,3.7854092,1.5601774
18.045113,0.5012531,37732,,941548,609000,286592,322408,147456,4.7294807,1.714668
20.243902,0.24390244,37732,,941796,608752,286344,322408,147456,3.6208367,1.3857988
17.929293,0.5050505,37732,,942512,608036,287480,320556,147456,3.9280431,1.2481858
19.16462,0.49140048,37732,,942088,608460,287964,320496,147456,3.948062,1.7290597
15.869018,0.25188917,37732,,942112,608436,287940,320496,147456,3.8989253,1.799614
16.458853,0.24937657,37732,,942088,608460,287964,320496,147456,4.3880863,1.6896125
20.79208,0.24752475,37732,,942460,608088,287468,320620,147456,4.3278055,1.6837263
19.753086,0.49382716,37732,,942164,608384,287748,320636,147456,4.141071,1.5605433
23.058252,0.24271844,37732,,942388,608160,287500,320660,147456,3.7896237,1.6953827
22.80285,0.4750594,37732,,943116,607432,287964,319468,147456,4.082734,1.5406203
18.453865,0.49875313,37732,,943364,607184,287716,319468,147456,4.00242,1.839385
20.487804,0.4878049,37732,,943408,607140,287840,319300,147456,4.010326,1.8075513
17.25,0.25,37732,,943408,607140,287840,319300,147456,4.002274,1.8260995
20.194647,0.243309,37732,,943408,607140,287840,319300,147456,4.4023113,1.7229855
20.347395,0.49627793,37732,,943308,607240,287940,319300,147456,4.2950563,1.7140263
18.581907,0.24449877,37732,,942692,607856,288540,319316,147456,3.9291449,1.8218234
17.54386,0.25062656,37732,,942772,607776,288460,319316,147456,4.2572074,1.8470999
19.804401,0.48899755,37732,,942648,607900,288584,319316,147456,4.2790294,1.8110268
20.0,0.49382716,37732,,943020,607528,288212,319316,147456,3.832745,1.9264323
17.380352,0.50377834,37732,,943144,607404,288088,319316,147456,3.830384,1.8295193
17.005075,0.2538071,37732,,943516,607032,287716,319316,147456,3.864858,1.8037903
18.0,0.25,37732,,943752,606796,287468,319328,147456,4.2409263,1.5967033
17.435898,0.51282054,37732,,943348,607200,287868,319332,147456,4.1789517,1.5397756
18.401937,0.24213076,37732,,943372,607176,287840,319336,147456,3.8065248,1.7358079
18.114143,0.49627793,37732,,943496,607052,287716,319336,147456,4.127087,1.591555
18.610422,0.7444169,37732,,944000,606548,287220,319328,147456,3.7604847,1.6588881
22.327791,0.4750594,37732,,944092,606456,286972,319484,147456,3.813527,2.158052
22.86432,0.2512563,37732,,944080,606468,287128,319340,147456,3.735281,1.465795
17.57106,0.25839794,37732,,944352,606196,284244,321952,147456,4.0097613,1.4159997
21.446384,0.49875313,37732,,939952,610596,288660,321936,147456,3.6769495,0.9660615
43.424316,0.24813896,37732,,937580,612968,283980,328988,147456,3.036717,1.5673537
22.959183,0.25510204,37732,,940528,610020,280724,329296,147456,2.3290772,0.3355773
18.251928,0.5141388,37732,,940376,610172,280852,329320,147456,3.2106018,0.88647723
24.19753,0.49382716,37732,,941456,609092,279444,329648,147456,3.0943086,0.97953075
21.97531,0.24691358,37732,,943860,606688,278384,328304,147456,3.480989,1.4080075
20.15306,0.5102041,37732,,943084,607464,279216,328248,147456,4.725342,1.8860748
30.76923,0.0,37732,,941708,608840,279704,329136,147456,4.0938053,1.6269605
24.937656,0.49875313,37732,,940800,609748,294992,314756,147456,4.4264884,1.5994601
17.676767,0.5050505,37732,,940572,609976,293728,316248,147456,4.1299486,5.5838532
21.97531,0.24691358,37732,,941456,609092,294004,315088,147456,3.782946,4.5027013
27.81955,0.5012531,37732,,944268,606280,288480,317800,147456,4.332318,4.6584616
24.120604,0.5025126,37732,,943088,607460,291628,315832,147456,3.8633015,1.889627
31.969309,0.0,37732,,945880,604668,289644,315024,147456,3.9862535,3.2803898
33.25,0.5,37732,,950044,600504,288352,312152,147456,5.4140377,2.8196266
23.227385,0.0,37732,,950172,600376,288072,312304,147456,5.199654,2.5965838
24.685139,0.25188917,37732,,938796,611752,291352,320400,147456,6.1516886,2.7646098
15.306123,0.5102041,37732,,939640,610908,293444,317464,147456,3.232324,2.5106049
4.5454545,0.5050505,37732,,939196,611352,293776,317576,147456,3.399747,4.0743856
9.67742,0.49627793,37732,,939140,611408,293404,318004,147456,3.3105536,4.2461724
30.154638,0.5154639,37732,,948716,601832,263584,338248,147456,3.2658088,3.9292772
29.810299,0.0,37732,,959288,591260,278232,313028,147456,19.31638,15.991549
23.958334,0.5208333,37732,,963632,586916,280220,306944,147456,8.481218,4.356939
42.4,0.0,37732,,983924,566624,278472,288152,147456,8.170917,4.4299183
86.35294,1.882353,37732,,993212,557336,275020,282400,147456,17.054722,10.999436
49.863014,1.0958904,37732,,994724,555824,278580,277096,147456,23.335697,25.379217
15.721649,0.0,37732,,997996,552552,277440,275488,147456,20.398588,16.84685
25.40107,1.0695187,37732,,1007724,542824,278300,264524,147456,25.632427,16.13446
7.6923075,0.0,37732,,1008208,542340,277204,265136,147456,27.18089,21.976463
4.6035805,1.0230179,37732,,1008468,542080,279588,262492,147456,32.02285,20.14768
18.356165,0.0,37732,,1010468,540080,279544,260536,147456,28.989063,20.899883
13.720317,1.055409,37732,,1014156,536392,278696,257696,147456,29.210974,19.775574
10.539845,1.0282776,37732,,1016056,534492,278016,256624,147456,29.59827,23.06638
43.835617,0.0,37732,,1047116,503432,266044,237388,147456,30.28817,23.45003
79.04762,0.0,37732,,1064628,485920,268836,217084,147456,57.38842,46.002537
59.25926,0.52910054,37732,,1065948,484600,257776,226824,147456,64.34514,53.35826
76.585365,0.0,37732,,1064604,485944,272112,213832,147456,74.14657,64.04882
74.42455,0.25575447,37732,,1064564,485984,254340,231644,147456,57.779846,47.006546
76.501305,0.2610966,37732,,1066184,484364,252724,231640,147456,73.49122,63.355534
68.24147,0.2624672,37732,,1066836,483712,275860,207852,147456,73.96878,63.88893
63.31658,0.5025126,37732,,1066848,483700,256840,226712,147456,51.372566,41.38705
69.00269,0.26954177,37732,,1068192,482356,252456,229900,147456,64.07252,54.52397
77.83251,0.49261084,37732,,1068768,481780,278100,203680,147456,68.80585,58.726627
58.611824,0.0,37732,,1068312,482236,275760,206476,147456,47.11305,37.915367
71.571075,0.49875313,37732,,1069344,481204,248340,232988,147456,47.04365,36.921757
80.05051,0.5050505,37732,,1060968,489580,263840,225832,147456,69.984795,60.34265
63.72796,0.0,37732,,1057768,492780,259468,233312,147456,44.609734,36.50235
59.05512,0.5249344,37732,,1058100,492448,256764,235684,147456,47.51692,38.104073
51.706036,0.5249344,37732,,1059512,491036,261360,229676,147456,48.595062,39.642162
50.13405,0.0,37732,,1059568,490980,256648,234332,147456,44.156094,34.817196
44.473007,0.5141388,37732,,1055800,494748,264432,230440,147456,50.230022,38.386635
59.22078,0.5194805,37732,,1055280,495268,273076,222192,147456,38.77858,29.188375
71.3555,0.25575447,37732,,1052896,497652,260416,237236,147456,31.648968,24.270874
77.751755,0.23419204,37732,,1053404,497144,274772,222200,147456,37.179386,29.627783
83.64486,1.4018692,37732,,1053744,496804,272368,224436,147456,29.70172,21.878885
77.88698,0.7371007,37732,,1051936,498612,273248,225364,147456,29.663704,27.010342
75.18248,0.486618,37732,,1051476,499072,260860,238212,147456,27.674786,21.422523
32.258064,0.26881722,37732,,1011332,539216,300364,238852,147456,33.526047,26.756956
1.5037594,0.7518797,37732,,1011228,539320,300172,239148,147456,16.71329,15.478727
16.103895,0.25974026,37732,,1009440,541108,279912,261320,147456,16.397152,15.890226
16.5,0.75,37732,,1012212,538336,282616,255748,147456,12.884513,6.6755433
0.50377834,0.50377834,37732,,1011988,538560,282672,255888,147456,12.768702,8.027139
6.030151,0.2512563,37732,,1011908,538640,281440,257200,147456,13.412419,7.23659
1.0,0.5,37732,,1012080,538468,281184,257284,147456,13.589719,6.920696
2.3255813,0.5167959,37732,,1003608,546940,286092,260848,147456,13.406017,6.9904776
6.4837904,0.49875313,37732,,1002580,547968,286016,261952,147456,10.558931,5.8087482
10.723192,2.9925187,37732,,998160,552388,287668,264720,147456,10.230872,5.5082364
10.02445,2.6894865,37732,,998140,552408,284900,267508,147456,15.329811,34.040985
4.0201006,1.758794,37732,,997756,552792,279472,273320,147456,12.095767,26.497599
7.2864323,2.0100503,37732,,997940,552608,280340,272268,147456,8.859527,12.109318
4.0302267,0.7556675,37732,,992196,558352,298212,260140,147456,9.044661,14.966259
30.90909,21.038961,37732,,993384,557164,284676,272488,147456,9.334874,9.691668
19.548872,9.022556,37732,,993548,557000,287300,269700,147456,320.92834,455.59473
7.633588,0.5089058,37732,,993948,556600,286932,269668,147456,36.429947,76.66305
15.107914,0.7194245,37732,,993204,557344,286696,270648,147456,7.813282,3.9049916
3.02267,0.50377834,37732,,993292,557256,286504,270752,147456,7.548508,3.8919382
7.3791347,0.2544529,37732,,993288,557260,284452,272808,147456,7.4652047,3.6424263
7.8680205,0.5076142,37732,,994216,556332,283336,272996,147456,7.294305,3.1548867
0.75376886,0.75376886,37732,,994520,556028,282956,273072,147456,7.3360367,3.2515607
1.4888338,0.49627793,37732,,994640,555908,282832,273076,147456,7.474336,3.4588807
0.5025126,0.2512563,37732,,995196,555352,286916,268484,147456,7.4375534,3.2064779
0.5012531,0.5012531,37732,,995380,555168,287060,268108,147456,7.773123,3.7328925
0.49875313,0.74812967,37732,,995364,555184,286864,268320,147456,7.6805787,3.8690875
17.412935,0.99502486,37732,,1009352,541196,272544,268700,147456,7.586246,4.008245
9.832134,0.4796163,37732,,1009256,541292,272592,268700,147456,13.669882,7.497502
22.469135,0.49382716,37732,,1027888,522660,249184,273476,147456,13.461267,6.82527
25.870647,0.24875621,37732,,1027984,522564,248640,273924,147456,38.22242,29.2509
36.59148,0.5012531,37732,,1070620,479928,233304,246624,147456,37.560036,28.772982
9.571789,0.50377834,37732,,1072676,477872,255364,222508,147456,71.77764,59.171974
20.75,0.75,37732,,1017320,533228,322300,210780,147456,47.05943,31.048872
8.9514065,0.51150894,37732,,1017748,532800,321588,211212,147456,22.847187,36.992615
2.4813895,0.24813896,37732,,1017748,532800,321612,211188,147456,21.963976,34.708202
8.79397,0.5025126,37732,,1017408,533140,320768,212372,147456,21.600422,33.577793
6.8010077,0.25188917,37732,,1017484,533064,320148,212916,147456,20.355055,31.58578
1.7326733,0.7425743,37732,,998744,551804,338252,213552,147456,19.752443,29.904018
5.9431524,0.5167959,37732,,999244,551304,337764,213540,147456,25.709677,50.23038
3.562341,0.5089058,37732,,999204,551344,335168,216176,147456,24.04692,46.714108
1.2594458,0.50377834,37732,,999152,551396,335068,216328,147456,21.04854,40.873688
1.0126582,0.5063291,37732,,999184,551364,334944,216420,147456,20.12376,38.991467
1.2531328,0.7518797,37732,,999184,551364,334944,216420,147456,19.287714,37.273273
0.99502486,0.24875621,37732,,999308,551240,334820,216420,147456,18.577898,36.072277
6.25,0.5,37732,,999352,551196,334696,216500,147456,18.08592,34.30242
2.0356233,0.5089058,37732,,998872,551676,335072,216604,147456,17.289412,33.08468
8.801956,1.2224939,37732,,978732,571816,354316,217500,147456,16.855669,32.305702
16.161615,1.2626263,37732,,979056,571492,351428,220040,147456,23.382097,51.546604
12.09068,2.7707808,37732,,978800,571748,351376,220372,147456,20.137714,45.266186
3.0379746,1.772152,37732,,978320,572228,351128,221100,147456,23.903149,48.330048
12.039312,4.176904,37732,,982944,567604,336876,230852,147456,18.801748,41.91721