AnotherMonitor Record,Starting date and time:,2019-07-16-11-52-39,Read interval (ms):,1000,MemTotal (kB),1550548
Total CPU usage (%),AnotherMonitor (Pid 10859) CPU usage (%),AnotherMonitor Memory (kB),,Memory used (kB),Memory available (MemFree+Cached) (kB),MemFree (kB),Cached (kB),Threshold (kB)
10.103627,3.626943,5300,,833284,717264,319024,398240,147456
47.757256,1.055409,5300,,833636,716912,318356,398680,147456
32.20779,3.116883,5300,,831952,718596,317508,401088,147456
12.239583,0.0,5300,,831632,718916,317708,401208,147456
9.090909,0.2754821,5300,,832072,718476,317288,401188,147456
14.713897,0.0,5300,,831516,719032,323016,396016,147456
55.064934,0.0,5300,,837248,713300,313412,399888,147456
33.59375,0.0,5300,,840916,709632,308844,400788,147456
47.769028,0.0,5300,,844632,705916,303588,402328,147456
69.48718,0.25641027,5300,,856332,694216,304704,389512,147456
53.185596,0.0,5300,,849660,700888,310460,390552,147456
46.842106,0.0,5300,,851180,699368,309192,390028,147456
48.812664,0.7915567,5300,,853316,697232,305916,391316,147456
50.79787,0.0,5300,,854544,696004,302852,393152,147456
51.32979,0.0,5300,,857384,693164,304264,389048,147456
41.509434,0.0,5300,,857760,692788,303720,389068,147456
44.89247,0.0,5300,,856644,693904,308060,385844,147456
47.580647,0.26881722,5300,,855516,695032,309008,386024,147456
30.706522,0.0,5300,,855104,695444,309508,385936,147456
2.1505377,0.0,5300,,855364,695184,309324,385860,147456
30.84833,0.0,5300,,862108,688440,299724,388716,147456
50.383633,0.25575447,5300,,862116,688432,300348,388084,147456
42.51337,0.0,5300,,858744,691804,303536,388268,147456
26.38191,0.0,5300,,858416,692132,302812,389320,147456
29.323309,0.25062656,5300,,856972,693576,304812,388764,147456
8.465609,0.0,5300,,856864,693684,304432,389252,147456
13.315217,0.0,5300,,856640,693908,304552,389356,147456
1.2919897,0.25839794,5300,,856684,693864,306028,387836,147456
50.128536,0.0,5300,,859612,690936,303212,387724,147456
22.788204,0.0,5300,,859716,690832,303204,387628,147456
25.0,0.0,5300,,852952,697596,309916,387680,147456
20.843672,0.24813896,5300,,850240,700308,312620,387688,147456
16.976128,0.0,5300,,849972,700576,312876,387700,147456
17.962467,0.0,5300,,849836,700712,313000,387712,147456
67.10876,0.265252,5300,,855748,694800,307756,387168,147456
36.968086,0.0,5300,,854836,695712,308360,387352,147456
43.42105,0.0,5300,,858420,692128,302456,389672,147456
39.779007,0.0,5300,,859728,690820,300984,389836,147456
34.677418,0.0,5300,,859776,690772,300824,389948,147456
33.783783,0.27027026,5300,,860196,690352,304192,386160,147456
34.15978,0.0,5300,,859972,690576,304320,386256,147456
34.293194,0.0,5300,,855244,695304,308928,386468,147456
21.925133,3.2085562,5300,,850992,699556,325340,374216,147456
4.972376,2.486188,5300,,851080,699468,325064,374404,147456
11.716621,4.0871935,5300,,851076,699472,324664,374808,147456
7.002801,5.602241,5300,,850788,699760,324892,374868,147456
13.385827,2.0997376,5300,,849220,701328,325952,376800,147456
13.684211,0.0,5300,,846464,704084,327360,376848,147456
11.111111,0.0,5300,,847012,703536,328208,375328,147456
13.192612,0.5277045,5300,,847240,703308,327964,375344,147456
14.209115,0.0,5300,,847628,702920,327480,375440,147456
11.497326,0.0,5300,,826164,724384,346716,377668,147456
9.641873,0.0,5300,,827372,723176,341812,381364,147456
33.423912,0.0,5300,,838984,711564,294532,417032,147456
9.651475,0.0,5300,,841500,709048,305920,403252,147456
9.6858635,0.0,5300,,841788,708760,305548,403212,147456
9.8404255,0.0,5300,,842464,708084,307532,400552,147456
8.488064,0.265252,5300,,842884,707664,307236,400552,147456
10.027101,0.0,5300,,842224,708324,307780,400544,147456
15.968586,0.0,5300,,842688,707860,307304,400556,147456
13.881748,0.5141388,5300,,842516,708032,307400,400632,147456
12.405064,0.0,5300,,842868,707680,306904,400776,147456
10.0,0.0,5300,,836320,714228,325916,388312,147456
19.086021,0.0,5300,,837696,712852,322828,390024,147456
25.46917,0.0,5300,,842680,707868,317712,390156,147456
21.13402,0.0,5300,,834096,716452,301488,414964,147456
23.958334,0.0,5300,,835564,714984,324268,390716,147456
2.887139,0.2624672,5300,,829960,720588,329852,390736,147456
18.97019,0.0,5300,,827312,723236,333264,389972,147456
14.130435,0.0,5300,,827600,722948,332780,390168,147456
6.878307,0.0,5300,,827844,722704,332532,390172,147456
26.430517,0.27247956,5300,,832080,718468,322416,396052,147456
52.27882,0.0,5300,,832476,718072,320548,397728,147456
41.39785,0.0,5300,,830916,719632,320444,399188,147456
41.00529,0.0,5300,,830124,720424,322532,397892,147456
39.68254,0.0,5300,,828500,722048,324028,398020,147456
25.136612,0.0,5300,,825316,725232,327976,396956,147456
33.78016,0.2680965,5300,,853912,696636,295844,400792,147456
61.60221,0.0,5300,,863764,686784,297888,389020,147456
76.17801,0.5235602,5300,,883008,667540,315812,351728,147456
36.51226,0.0,5300,,884152,666396,311604,354792,147456
17.520216,0.26954177,5300,,811920,738628,401756,336872,147456
34.920635,0.0,5300,,814208,736340,386220,350120,147456
16.137566,0.0,5300,,813684,736864,385944,350920,147456
19.30295,0.2680965,5300,,752344,798204,447576,350628,147456
3.9267015,0.0,5300,,751716,798832,448188,350644,147456
17.708334,0.0,5300,,750768,799780,446464,353316,147456
4.37018,0.0,5300,,750932,799616,446312,353304,147456
32.545933,0.2624672,5300,,763084,787464,406828,380636,147456
17.44186,0.0,5300,,763144,787404,406908,380496,147456
44.28044,0.0,5300,,763520,787028,408000,379028,147456
53.535355,0.0,5300,,763424,787124,408000,379124,147456
68.33977,0.38610038,5300,,771600,778948,398280,380792,147456
38.96104,0.0,5300,,773064,777484,394124,383360,147456
28.055555,0.0,5300,,774600,775948,392040,383908,147456
23.29843,0.2617801,5300,,774436,776112,392048,384064,147456
36.9146,2.479339,5300,,790108,760440,353364,407076,147456
21.750664,2.65252,5300,,774660,775888,389872,386016,147456
12.568306,3.5519125,5300,,772664,777884,388716,389168,147456
10.58201,0.0,5300,,772936,777612,388420,389192,147456
12.3359585,0.2624672,5300,,773168,777380,387888,389492,147456
27.03412,0.0,5300,,774820,775728,368528,407200,147456
19.607843,0.0,5300,,778928,771620,361156,410464,147456
26.829268,0.0,5300,,781436,769112,356300,412812,147456
18.941504,0.0,5300,,780892,769656,359172,410484,147456
18.487394,0.0,5300,,780716,769832,359488,410344,147456
20.218578,0.27322406,5300,,779616,770932,360588,410344,147456
21.857924,0.0,5300,,780136,770412,359376,411036,147456
19.889503,0.0,5300,,780112,770436,359220,411216,147456
19.607843,0.84033614,5300,,780548,770000,358808,411192,147456
20.435966,0.0,5300,,780584,769964,358732,411232,147456
15.186247,0.0,5300,,780232,770316,359080,411236,147456
21.680218,0.0,5300,,781268,769280,356936,412344,147456
20.111732,0.0,5300,,782532,768016,355668,412348,147456
21.35135,0.0,5300,,781392,769156,356812,412344,147456
17.927172,0.0,5300,,781492,769056,356712,412344,147456
16.619719,0.0,5300,,781616,768932,356588,412344,147456
20.604395,0.0,5300,,782956,767592,354872,412720,147456
18.232044,0.0,5300,,783256,767292,354480,412812,147456
24.054054,0.5405405,5300,,784020,766528,353736,412792,147456
22.54642,0.0,5300,,784456,766092,353364,412852,147456
18.882978,0.0,5300,,784616,765932,353116,412816,147456
16.480448,0.0,5300,,784864,765684,352868,412816,147456
19.075144,0.0,5300,,784568,765980,353172,412808,147456
19.662922,0.0,5300,,784616,765932,353116,412816,147456
20.0,0.0,5300,,784564,765984,353216,412768,147456
21.428572,0.0,5300,,784764,765784,353092,412816,147456
20.110193,0.0,5300,,784912,765636,352744,412892,147456
17.977528,0.0,5300,,784912,765636,352744,412892,147456
20.891365,0.27855152,5300,,785540,765008,352124,412884,147456
22.437674,0.0,5300,,789820,760728,346384,414344,147456
18.233618,0.0,5300,,789736,760812,346480,414332,147456
22.826086,0.0,5300,,790716,759832,345048,414708,147456
19.887955,0.0,5300,,791136,759412,344504,414908,147456
16.285715,0.0,5300,,791208,759340,344428,414912,147456
20.05571,0.27855152,5300,,791208,759340,344428,414912,147456
17.847025,0.0,5300,,790712,759836,344924,414912,147456
15.743441,0.0,5300,,790208,760340,345428,414912,147456
18.820225,0.0,5300,,790328,760220,345304,414916,147456
16.426514,0.0,5300,,789880,760668,345544,415124,147456
19.197708,0.0,5300,,789972,760576,345420,415156,147456
18.207283,0.0,5300,,790120,760428,345272,415156,147456
23.705723,0.27247956,5300,,791356,759192,343824,415368,147456
18.644068,0.0,5300,,791852,758696,343328,415368,147456
16.991644,0.0,5300,,792100,758448,343080,415368,147456
17.039106,0.0,5300,,792340,758208,342840,415368,147456
19.382023,0.56179774,5300,,792588,757960,342592,415368,147456
21.84874,0.0,5300,,795084,755464,339740,415848,147456
22.493225,0.2710027,5300,,795088,755460,339616,415844,147456
24.94577,19.956615,5300,,795208,755340,339492,415840,147456
25.54945,0.2747253,5300,,796800,753748,336384,417364,147456
19.9446,0.0,5300,,795532,755016,337676,417340,147456
21.195652,0.0,5300,,796156,754392,337052,417340,147456
20.380434,0.27173913,5300,,796212,754336,337004,417332,147456
21.680218,0.0,5300,,796076,754472,337128,417344,147456
21.236559,0.0,5300,,795048,755500,338156,417344,147456
22.459892,0.0,5300,,795028,755520,338176,417344,147456
18.836565,0.0,5300,,795152,755396,338052,417344,147456
22.727272,0.0,5300,,795152,755396,338052,417344,147456
22.580645,0.26881722,5300,,795152,755396,338052,417344,147456
20.775623,0.0,5300,,795060,755488,337308,418180,147456
21.925133,0.0,5300,,792976,757572,339392,418180,147456
22.038567,0.0,5300,,794932,755616,337028,418588,147456
22.520107,0.0,5300,,794812,755736,337080,418656,147456
21.447721,0.0,5300,,794740,755808,337152,418656,147456
21.505377,0.26881722,5300,,794712,755836,337180,418656,147456
22.192513,0.0,5300,,793624,756924,338268,418656,147456
20.879122,0.0,5300,,793772,756776,338120,418656,147456
19.889503,0.0,5300,,794252,756296,337648,418648,147456
20.325203,0.5420054,5300,,794368,756180,337524,418656,147456
20.604395,0.0,5300,,794616,755932,337276,418656,147456
20.0,0.0,5300,,794740,755808,337152,418656,147456
21.832884,0.0,5300,,794604,755944,337276,418668,147456
19.832403,0.0,5300,,794740,755808,337152,418656,147456
21.409214,0.0,5300,,794740,755808,337152,418656,147456
18.156425,0.0,5300,,794864,755684,337028,418656,147456
24.52316,0.0,5300,,799360,751188,330964,420224,147456
21.857924,0.0,5300,,801092,749456,330252,419204,147456
22.19178,0.2739726,5300,,801424,749124,329928,419196,147456
22.955145,0.0,5300,,801084,749464,330260,419204,147456
22.25201,0.0,5300,,801408,749140,329928,419212,147456
22.074469,0.0,5300,,801532,749016,329804,419212,147456
21.369864,0.2739726,5300,,801840,748708,331248,417460,147456
18.820225,1.1235955,5300,,801420,749128,331668,417460,147456
24.202127,0.0,5300,,801544,749004,331544,417460,147456
21.236559,0.0,5300,,801668,748880,331420,417460,147456
21.179625,0.0,5300,,801944,748604,331124,417480,147456
20.911528,0.0,5300,,801716,748832,331372,417460,147456
17.877094,0.0,5300,,800428,750120,332660,417460,147456
19.834711,0.0,5300,,800428,750120,332660,417460,147456
20.596207,0.0,5300,,800676,749872,332412,417460,147456
21.236559,0.0,5300,,800800,749748,332288,417460,147456
22.465754,0.0,5300,,801668,748880,331200,417680,147456
18.88889,0.2777778,5300,,801076,749472,331544,417928,147456
24.8,0.0,5300,,804356,746192,329124,417068,147456
24.21875,0.0,5300,,804372,746176,329064,417112,147456
21.311476,0.0,5300,,804496,746052,328940,417112,147456
22.751324,0.0,5300,,804208,746340,329784,416556,147456
21.715818,0.536193,5300,,804144,746404,330044,416484,147456
21.866667,0.0,5300,,804132,746416,329932,416484,147456
22.01087,0.0,5300,,804164,746384,329908,416476,147456
22.222221,0.0,5300,,804380,746168,329684,416484,147456
18.836565,0.0,5300,,804644,745904,329436,416468,147456
22.727272,0.0,5300,,804804,745744,330428,415316,147456
19.220057,0.0,5300,,804804,745744,330428,415316,147456
21.35135,0.0,5300,,804928,745620,330304,415316,147456
21.715818,0.0,5300,,805052,745496,330180,415316,147456
22.606382,0.0,5300,,805300,745248,329932,415316,147456
23.243244,0.5405405,5300,,806652,743896,328196,415624,147456
21.715818,0.0,5300,,806984,743564,329388,414176,147456
16.573034,0.0,5300,,807052,743496,329312,414184,147456
17.777779,0.0,5300,,807044,743504,329320,414184,147456
17.47851,0.0,5300,,807416,743132,328948,414184,147456
19.15493,0.0,5300,,807664,742884,328700,414184,147456
20.698925,0.0,5300,,807788,742760,328576,414184,147456
16.573034,0.0,5300,,808460,742088,329980,412108,147456
18.918919,0.5405405,5300,,808540,742008,330064,412068,147456
19.618528,0.0,5300,,808780,741768,329700,412068,147456
20.32967,0.0,5300,,808904,741644,329576,412068,147456
20.375336,0.0,5300,,809152,741396,329328,412068,147456
16.045845,0.0,5300,,809168,741380,329304,412076,147456
18.994413,0.5586592,5300,,809516,741032,328956,412076,147456
21.666666,0.0,5300,,809800,740748,330208,410540,147456
19.889503,0.0,5300,,809624,740924,330288,410636,147456
19.346048,0.0,5300,,809600,740948,330312,410636,147456
16.091953,0.0,5300,,809524,741024,330388,410636,147456
19.836956,0.0,5300,,808484,742064,331428,410636,147456
20.27027,0.27027026,5300,,807508,743040,332404,410636,147456
18.487394,0.0,5300,,807496,743052,332420,410632,147456
20.708447,0.0,5300,,808004,742544,331924,410620,147456
19.565218,0.0,5300,,807988,742560,331924,410636,147456
18.559557,0.0,5300,,807888,742660,332024,410636,147456
18.487394,0.0,5300,,807868,742680,332048,410632,147456
20.218578,0.27322406,5300,,807864,742684,332048,410636,147456
16.806723,0.0,5300,,808360,742188,331552,410636,147456
17.977528,0.0,5300,,808360,742188,331552,410636,147456
15.819209,0.0,5300,,808484,742064,331428,410636,147456
18.435755,0.0,5300,,808484,742064,331428,410636,147456
23.835617,0.0,5300,,808996,741552,330932,410620,147456
21.390375,0.26737967,5300,,809260,741288,330652,410636,147456
17.955801,0.0,5300,,809508,741040,330404,410636,147456
19.113573,0.0,5300,,809632,740916,330280,410636,147456
21.153847,0.0,5300,,810208,740340,329712,410628,147456
18.956043,0.0,5300,,810252,740296,329660,410636,147456
16.285715,0.5714286,5300,,810252,740296,329660,410636,147456
19.78022,0.0,5300,,810376,740172,329536,410636,147456
17.728533,0.0,5300,,810624,739924,329288,410636,147456
18.836565,0.0,5300,,811424,739124,330460,408664,147456
16.239317,0.0,5300,,812016,738532,329908,408624,147456
16.147308,0.0,5300,,811952,738596,330008,408588,147456
17.094017,0.28490028,5300,,811952,738596,330008,408588,147456
20.54054,0.0,5300,,812052,738496,329908,408588,147456
19.726027,0.0,5300,,812348,738200,329736,408588,147456
23.138298,0.0,5300,,812852,737696,330652,407044,147456
18.156425,0.0,5300,,812848,737700,330652,407048,147456
18.282549,0.55401665,5300,,812668,737880,330832,407048,147456
20.380434,0.0,5300,,812468,738080,331032,407048,147456
20.380434,0.0,5300,,811768,738780,331584,407196,147456
20.163488,0.27247956,5300,,811176,739372,332204,407168,147456
24.0,0.0,5300,,811092,739456,332272,407184,147456
14.571428,0.0,5300,,811092,739456,332272,407184,147456
19.505495,0.2747253,5300,,811092,739456,332272,407184,147456
18.994413,0.0,5300,,811216,739332,332148,407184,147456
16.426514,0.0,5300,,809976,740572,333388,407184,147456
20.0,0.0,5300,,809976,740572,333388,407184,147456
21.715818,0.0,5300,,809936,740612,333140,407472,147456
18.435755,0.0,5300,,804388,746160,338596,407564,147456
19.283747,0.2754821,5300,,804512,746036,338472,407564,147456
24.128687,0.0,5300,,805008,745540,337976,407564,147456
18.181818,0.0,5300,,805132,745416,337852,407564,147456
16.761364,0.0,5300,,805132,745416,337852,407564,147456
17.548746,0.27855152,5300,,803644,746904,339340,407564,147456
20.32967,0.0,5300,,803888,746660,338984,407676,147456
18.487394,0.0,5300,,803360,747188,339512,407676,147456
20.967741,0.0,5300,,803484,747064,339388,407676,147456
19.571045,0.0,5300,,803732,746816,339140,407676,147456
16.944445,0.2777778,5300,,804104,746444,338768,407676,147456
19.398907,0.0,5300,,804236,746312,338644,407668,147456
22.01087,0.0,5300,,804476,746072,338396,407676,147456
19.008265,0.0,5300,,804600,745948,338272,407676,147456
17.464788,0.28169015,5300,,804848,745700,338024,407676,147456
16.853933,0.0,5300,,805096,745452,337900,407676,147456
19.15493,0.0,5300,,805220,745328,337776,407676,147456
19.832403,0.0,5300,,805020,745528,337852,407676,147456
18.662952,0.0,5300,,804972,745576,337900,407676,147456
19.9446,0.27700832,5300,,805104,745444,337768,407676,147456
19.008265,0.0,5300,,805228,745320,337644,407676,147456
19.113573,0.0,5300,,805336,745212,337520,407692,147456
18.181818,0.2840909,5300,,804344,746204,338512,407692,147456
17.183098,0.0,5300,,804468,746080,338388,407692,147456
20.821918,0.0,5300,,804592,745956,338264,407692,147456
19.61326,0.0,5300,,804716,745832,338140,407692,147456
21.832884,0.0,5300,,804964,745584,337892,407692,147456
17.183098,0.28169015,5300,,805088,745460,337768,407692,147456
17.847025,0.0,5300,,805336,745212,337644,407692,147456
17.280453,0.28328612,5300,,805212,745336,337644,407692,147456
20.708447,0.0,5300,,805212,745336,337644,407692,147456
18.732782,0.0,5300,,805344,745204,337520,407684,147456
21.95122,0.2710027,5300,,805708,744840,337148,407692,147456
18.994413,0.2793296,5300,,806444,744104,336404,407700,147456
20.765028,0.0,5300,,805452,745096,337396,407700,147456
20.435966,0.0,5300,,805452,745096,337396,407700,147456
20.0,0.0,5300,,805948,744600,336900,407700,147456
18.361582,0.0,5300,,805948,744600,336900,407700,147456
20.054945,0.2747253,5300,,806072,744476,336776,407700,147456
20.161291,0.0,5300,,806320,744228,336528,407700,147456
17.318436,0.0,5300,,806444,744104,336528,407700,147456
22.222221,0.0,5300,,806576,743972,336280,407692,147456
19.889503,0.0,5300,,806940,743608,335908,407700,147456
18.232044,0.0,5300,,807064,743484,335784,407700,147456
15.362319,0.28985506,5300,,806816,743732,336032,407700,147456
19.166666,0.0,5300,,806816,743732,336032,407700,147456
21.369864,0.0,5300,,807116,743432,335660,407772,147456
18.309858,0.0,5300,,806196,744352,336580,407772,147456
17.79661,0.0,5300,,806124,744424,336652,407772,147456
18.181818,0.2754821,5300,,806124,744424,336652,407772,147456
19.505495,0.0,5300,,806124,744424,336652,407772,147456
18.767508,0.0,5300,,806504,744044,336280,407764,147456
17.79661,0.28248587,5300,,805752,744796,337024,407772,147456
19.32773,0.0,5300,,805752,744796,337024,407772,147456
19.945354,0.0,5300,,805876,744672,336900,407772,147456
21.195652,0.0,5300,,805876,744672,336900,407772,147456
22.727272,0.0,5300,,806000,744548,336776,407772,147456
17.777779,0.2777778,5300,,806124,744424,336652,407772,147456
19.94609,0.0,5300,,806124,744424,336652,407772,147456
19.337017,0.0,5300,,806248,744300,336528,407772,147456
19.61326,0.0,5300,,806372,744176,336404,407772,147456
20.33426,0.0,5300,,806752,743796,336032,407764,147456
19.726027,0.0,5300,,807116,743432,335660,407772,147456
20.708447,0.27247956,5300,,807116,743432,335660,407772,147456
17.613636,0.0,5300,,807240,743308,335536,407772,147456
21.525885,0.27247956,5300,,807272,743276,335504,407772,147456
21.195652,1.0869565,5300,,807668,742880,335008,407872,147456
19.241192,0.0,5300,,807660,742888,335016,407872,147456
21.774193,0.0,5300,,807660,742888,335016,407872,147456
15.492958,0.0,5300,,807784,742764,334892,407872,147456
15.921787,0.0,5300,,807908,742640,334768,407872,147456
19.78022,0.0,5300,,807048,743500,335636,407864,147456
15.988372,0.0,5300,,807412,743136,335264,407872,147456
18.994413,0.0,5300,,807404,743144,335264,407880,147456
17.857143,0.0,5300,,807404,743144,335264,407880,147456
18.836565,0.55401665,5300,,807528,743020,335140,407880,147456
18.258427,0.0,5300,,807900,742648,334768,407880,147456
18.384401,0.0,5300,,807900,742648,334768,407880,147456
16.90141,0.0,5300,,807652,742896,335016,407880,147456
18.258427,0.0,5300,,807652,742896,335016,407880,147456
18.333334,0.0,5300,,807900,742648,334768,407880,147456
19.23077,0.0,5300,,807908,742640,334768,407872,147456
15.028902,0.0,5300,,808024,742524,334644,407880,147456
18.836565,0.0,5300,,807528,743020,335140,407880,147456
17.094017,0.28490028,5300,,807652,742896,335016,407880,147456
19.23077,0.0,5300,,807644,742904,335024,407880,147456
34.74801,0.0,5300,,811684,738864,328328,410536,147456
34.625324,0.0,5300,,812972,737576,328976,408600,147456
30.894308,0.0,5300,,814912,735636,326964,408672,147456
34.025974,0.0,5300,,815728,734820,327832,406988,147456
30.02681,0.2680965,5300,,816032,734516,327460,407056,147456
34.120735,0.0,5300,,817580,732968,327644,405324,147456
37.59591,0.0,5300,,819788,730760,327708,403052,147456
33.512066,0.0,5300,,821720,728828,327376,401576,147456
30.319149,0.26595744,5300,,823564,726984,325428,401556,147456
30.666666,0.0,5300,,825356,725192,325116,400076,147456
46.091644,0.0,5300,,816476,734072,323424,410648,147456
45.675674,0.0,5300,,818700,731848,337744,394104,147456
24.403183,0.0,5300,,819736,730812,336468,394344,147456
21.715818,0.2680965,5300,,808108,742440,352664,389776,147456
20.855616,0.0,5300,,807936,742612,352836,389776,147456
22.849463,0.0,5300,,808300,742248,352464,389784,147456
22.015915,0.0,5300,,807060,743488,353704,389784,147456
21.6,0.0,5300,,806860,743688,353904,389784,147456
26.165804,0.5181347,5300,,806440,744108,353456,390652,147456
22.01087,0.0,5300,,805492,745056,354076,390980,147456
23.93617,0.0,5300,,806252,744296,353368,390928,147456
24.810127,0.0,5300,,806148,744400,353472,390928,147456
19.23077,0.0,5300,,806148,744400,353472,390928,147456
21.179625,0.2680965,5300,,804784,745764,354836,390928,147456
24.093264,0.0,5300,,804808,745740,354812,390928,147456
23.157894,0.0,5300,,804440,746108,355580,390528,147456
19.283747,0.0,5300,,800072,750476,359920,390556,147456
20.27027,0.27027026,5300,,800072,750476,359920,390556,147456
24.289406,0.0,5300,,799324,751224,360664,390560,147456
26.09819,0.0,5300,,800448,750100,359176,391048,147456
24.53826,0.0,5300,,794252,756296,363788,392508,147456
19.680851,0.0,5300,,794360,756188,363840,392348,147456
19.786097,0.53475934,5300,,794436,756112,363764,392348,147456
22.077923,0.0,5300,,794436,756112,363764,392348,147456
19.94609,0.0,5300,,794436,756112,363764,392348,147456
19.94609,0.0,5300,,794832,755716,363368,392348,147456
24.489796,0.0,5300,,794860,755688,363344,392344,147456
21.06599,0.0,5300,,794932,755616,363268,392348,147456
20.698925,0.0,5300,,795056,755492,363144,392348,147456
19.839142,0.0,5300,,795172,755376,363020,392356,147456
25.46917,0.0,5300,,795356,755192,360740,394452,147456
21.505377,0.0,5300,,795572,754976,359424,395552,147456
21.46597,0.2617801,5300,,795856,754692,356696,397996,147456
22.251308,0.0,5300,,797688,752860,354416,398444,147456
22.564102,0.0,5300,,797868,752680,354216,398464,147456
20.47244,0.0,5300,,795852,754696,356232,398464,147456
22.597403,0.0,5300,,795984,754564,356108,398456,147456
21.259842,0.2624672,5300,,795480,755068,356604,398464,147456
21.693121,0.0,5300,,791140,759408,360944,398464,147456
20.263159,0.0,5300,,791140,759408,360944,398464,147456
21.680218,0.0,5300,,791264,759284,360820,398464,147456
21.680218,0.0,5300,,791264,759284,360820,398464,147456
23.369566,0.27173913,5300,,794056,756492,356976,399640,147456
22.788204,0.0,5300,,794092,756456,356860,399596,147456
21.866667,0.0,5300,,794040,756508,356860,399648,147456
22.797928,0.77720207,5300,,793916,756632,356984,399648,147456
19.945354,0.0,5300,,794040,756508,356860,399648,147456
21.31579,0.0,5300,,794040,756508,356860,399648,147456
19.726027,0.0,5300,,793172,757376,357728,399648,147456
19.283747,0.0,5300,,793956,756592,356488,400104,147456
23.636364,0.0,5300,,793268,757280,357184,400096,147456
18.52861,0.0,5300,,793328,757220,357116,400104,147456
24.874372,0.0,5300,,793328,757220,357116,400104,147456
21.784777,0.0,5300,,793328,757220,357116,400104,147456
21.52231,0.0,5300,,793328,757220,357116,400104,147456
25.252525,0.0,5300,,793424,757124,357020,400104,147456
23.096447,0.2538071,5300,,793332,757216,357116,400100,147456
25.132275,0.0,5300,,796328,754220,352892,401328,147456
21.8509,0.2570694,5300,,796452,754096,352768,401328,147456
22.251308,0.0,5300,,796700,753848,352520,401328,147456
22.751324,0.0,5300,,796204,754344,353016,401328,147456
23.907455,0.0,5300,,796328,754220,352892,401328,147456
18.302387,0.0,5300,,796452,754096,352768,401328,147456
24.210526,0.2631579,5300,,799408,751140,349372,401768,147456
22.879177,0.0,5300,,799672,750876,349172,401828,147456
22.513088,0.0,5300,,799936,750612,348792,401820,147456
24.303797,0.0,5300,,800176,750372,348544,401828,147456
21.236559,0.0,5300,,800176,750372,348544,401828,147456
21.6,0.26666668,5300,,799804,750744,349040,401828,147456
22.955145,0.0,5300,,799928,750620,348792,401828,147456
21.899736,0.0,5300,,800176,750372,348668,401828,147456
20.424402,0.0,5300,,800036,750512,348668,401844,147456
23.589743,0.0,5300,,800284,750264,348544,401844,147456
22.631578,0.2631579,5300,,799816,750732,348868,401864,147456
22.955145,0.0,5300,,801920,748628,346188,402440,147456
22.340425,0.0,5300,,801976,748572,346040,402532,147456
22.309711,0.0,5300,,802076,748472,345940,402532,147456
20.107239,0.0,5300,,802076,748472,345940,402532,147456
20.855616,0.0,5300,,801456,749092,346560,402532,147456
22.955145,0.26385224,5300,,801764,748784,346064,402720,147456
23.29843,0.0,5300,,801888,748660,345940,402720,147456
17.615175,0.0,5300,,802260,748288,345568,402720,147456
22.54642,0.265252,5300,,802508,748040,345320,402720,147456
22.704082,0.0,5300,,802624,747924,345196,402728,147456
20.430107,0.26881722,5300,,803196,747352,344676,402676,147456
23.116882,0.0,5300,,803120,747428,344700,402728,147456
25.252525,0.5050505,5300,,803316,747232,344504,402728,147456
20.0,0.0,5300,,802548,748000,345272,402728,147456
22.340425,0.0,5300,,802500,748048,345320,402728,147456
22.281168,0.0,5300,,802456,748092,345364,402728,147456
20.0,0.0,5300,,802552,747996,345268,402728,147456
20.27027,0.27027026,5300,,802552,747996,345268,402728,147456
19.518717,0.0,5300,,802676,747872,345144,402728,147456
20.37037,0.0,5300,,802800,747748,345020,402728,147456
21.01064,0.0,5300,,802800,747748,345020,402728,147456
20.054201,0.0,5300,,802932,747616,344896,402720,147456
18.232044,0.2762431,5300,,803172,747376,344648,402728,147456
20.0,0.0,5300,,802972,747576,344848,402728,147456
19.18919,0.0,5300,,802948,747600,344772,402728,147456
17.366947,0.0,5300,,802924,747624,344896,402728,147456
18.282549,0.0,5300,,803172,747376,344648,402728,147456
23.157894,0.2631579,5300,,803296,747252,344524,402728,147456
23.697916,0.0,5300,,803540,747008,344276,402732,147456
20.430107,0.0,5300,,803664,746884,344152,402732,147456
18.90411,0.0,5300,,803788,746760,344028,402732,147456
20.054201,0.2710027,5300,,803816,746732,343996,402736,147456
20.8,0.0,5300,,803932,746616,343872,402744,147456
20.163488,0.0,5300,,803312,747236,344616,402744,147456
19.452055,0.0,5300,,803312,747236,344492,402744,147456
21.01064,0.0,5300,,803560,746988,344244,402744,147456
18.4573,0.0,5300,,803932,746616,343872,402744,147456
18.97019,0.0,5300,,804056,746492,343748,402744,147456
20.789474,0.2631579,5300,,804304,746244,343500,402744,147456
18.131868,0.0,5300,,804428,746120,343376,402744,147456
21.842106,0.0,5300,,804428,746120,343376,402744,147456
17.231638,0.0,5300,,804552,745996,343252,402744,147456
22.680412,0.0,5300,,804676,745872,343128,402744,147456
21.774193,0.26881722,5300,,804924,745624,342880,402744,147456
18.836565,0.0,5300,,805048,745500,342756,402744,147456
19.505495,0.82417583,5300,,804924,745624,342880,402744,147456
20.163488,0.0,5300,,804924,745624,342880,402744,147456
19.346048,0.0,5300,,804948,745600,342856,402744,147456
16.621254,0.27247956,5300,,804824,745724,342980,402744,147456
21.10818,0.0,5300,,804792,745756,343004,402752,147456
20.053476,0.0,5300,,804048,746500,343748,402752,147456
21.02426,0.0,5300,,804052,746496,343748,402748,147456
17.647058,0.28011206,5300,,804296,746252,343500,402752,147456
24.358974,0.0,5300,,804296,746252,343500,402752,147456
18.75,0.0,5300,,804420,746128,343376,402752,147456
21.48541,0.0,5300,,804544,746004,343252,402752,147456
21.2938,0.0,5300,,804332,746216,343480,402736,147456
20.0,0.0,5300,,803892,746656,343904,402752,147456
25.68306,0.27322406,5300,,804884,745664,340492,405280,147456
21.727749,0.0,5300,,804692,745856,340384,405472,147456
18.055555,0.0,5300,,804864,745684,340212,405472,147456
23.57513,0.0,5300,,804444,746104,340632,405472,147456
19.398907,0.0,5300,,804444,746104,340632,405472,147456
22.486773,0.52910054,5300,,804032,746516,341044,405472,147456
17.333334,0.0,5300,,804188,746360,340888,405472,147456
19.518717,0.0,5300,,804188,746360,340888,405472,147456
20.385675,0.0,5300,,804292,746256,340780,405476,147456
16.201117,0.0,5300,,804292,746256,340780,405476,147456
20.0,0.0,5300,,804540,746008,340532,405476,147456
19.788918,0.0,5300,,804812,745736,340260,405476,147456
22.133333,0.0,5300,,804960,745588,340036,405476,147456
20.107239,0.0,5300,,805216,745332,339788,405468,147456
20.997375,0.0,5300,,805332,745216,339664,405476,147456
22.976501,0.0,5300,,805656,744892,339416,405476,147456
24.681934,0.2544529,5300,,806028,744520,339044,405476,147456
19.35484,0.0,5300,,806144,744404,338928,405476,147456
23.947369,0.0,5300,,806788,743760,338300,405460,147456
22.857143,0.0,5300,,806944,743604,338052,405476,147456
22.395834,0.26041666,5300,,807144,743404,337928,405476,147456
18.598383,0.0,5300,,807268,743280,337804,405476,147456
21.409922,0.0,5300,,806772,743776,338300,405476,147456
20.430107,0.53763443,5300,,807268,743280,337804,405476,147456
19.293478,0.27173913,5300,,807644,742904,337432,405472,147456
20.64343,0.0,5300,,807764,742784,337308,405476,147456
23.544973,0.0,5300,,807888,742660,337184,405476,147456
21.16402,0.0,5300,,808012,742536,337060,405476,147456
20.491804,0.0,5300,,809072,741476,336016,405460,147456
19.30295,0.0,5300,,808012,742536,337060,405476,147456
24.146982,0.2624672,5300,,808212,742336,336856,405480,147456
20.320856,0.0,5300,,808160,742388,336904,405484,147456
22.606382,0.0,5300,,808160,742388,336904,405484,147456
20.161291,0.0,5300,,807532,743016,337532,405484,147456
18.681318,0.2747253,5300,,807548,743000,337524,405476,147456
21.80851,0.0,5300,,806920,743628,338144,405484,147456
22.955145,0.0,5300,,806920,743628,338144,405484,147456
21.989529,0.0,5300,,806920,743628,338144,405484,147456
18.207283,0.0,5300,,807168,743380,337896,405484,147456
19.783197,0.0,5300,,807168,743380,337896,405484,147456
19.008265,0.0,5300,,807576,742972,337504,405468,147456
20.54054,0.27027026,5300,,807912,742636,337152,405484,147456
18.333334,0.0,5300,,807912,742636,337152,405484,147456
19.618528,0.0,5300,,808036,742512,337028,405484,147456
20.72539,0.0,5300,,808284,742264,336780,405484,147456
19.67655,0.26954177,5300,,808188,742360,336884,405476,147456
19.94609,0.0,5300,,808160,742388,336904,405484,147456
22.715405,0.0,5300,,808284,742264,336780,405484,147456
22.309711,0.0,5300,,808664,741884,336408,405476,147456
20.54054,0.0,5300,,808804,741744,336260,405484,147456
21.693121,0.26455027,5300,,808704,741844,336284,405484,147456
20.533333,0.0,5300,,808656,741892,336408,405484,147456
18.47826,0.0,5300,,809028,741520,336036,405484,147456
20.266666,0.0,5300,,809152,741396,335912,405484,147456
20.698925,0.0,5300,,809280,741268,335788,405480,147456
22.437674,0.0,5300,,810836,739712,330980,408732,147456
31.299734,0.265252,5300,,812408,738140,331988,406152,147456
30.458221,0.0,5300,,813132,737416,331300,406116,147456
31.283422,0.0,5300,,815148,735400,332100,403300,147456
32.12435,0.0,5300,,816132,734416,331152,403264,147456
31.619537,0.5141388,5300,,816628,733920,330580,403340,147456
31.564987,0.530504,5300,,817644,732904,329496,403408,147456
29.508196,0.0,5300,,819484,731064,327580,403484,147456
29.44297,0.0,5300,,821368,729180,327808,401372,147456
30.27027,0.0,5300,,823060,727488,327784,399704,147456
36.57895,0.0,5300,,809284,741264,344016,397248,147456
51.490517,0.0,5300,,816832,733716,332148,401568,147456
21.865889,0.0,5300,,815796,734752,333088,401664,147456
15.954416,0.0,5300,,805276,745272,346892,398380,147456
22.916666,0.0,5300,,805024,745524,347100,398424,147456
20.44199,0.2762431,5300,,806632,743916,345492,398424,147456
20.391062,0.0,5300,,804136,746412,347156,399256,147456
17.366947,0.0,5300,,804008,746540,347348,399192,147456
20.435966,0.0,5300,,804512,746036,346852,399184,147456
20.580475,0.26385224,5300,,805504,745044,345556,399488,147456
19.834711,0.0,5300,,805960,744588,345120,399468,147456
19.283747,0.0,5300,,805640,744908,345448,399460,147456
19.505495,0.0,5300,,805612,744936,345480,399456,147456
21.505377,0.0,5300,,805772,744776,345432,399468,147456
14.409222,0.28818443,5300,,805828,744720,345256,399464,147456
20.111732,0.0,5300,,808240,742308,341732,400576,147456
16.666666,0.0,5300,,808032,742516,341784,400732,147456
16.758242,0.0,5300,,808280,742268,341536,400732,147456
16.0,0.0,5300,,809020,741528,340804,400724,147456
20.81081,0.0,5300,,810808,739740,338560,401180,147456
17.927172,0.28011206,5300,,809076,741472,340268,401204,147456
18.90411,0.0,5300,,809004,741544,340348,401204,147456
20.273973,0.0,5300,,809156,741392,340172,401220,147456
18.384401,0.0,5300,,809324,741224,340004,401220,147456
20.698925,0.53763443,5300,,809396,741152,339924,401228,147456
17.045454,0.0,5300,,809520,741028,339800,401228,147456
18.130312,0.0,5300,,809776,740772,339552,401220,147456
15.406977,0.0,5300,,809516,741032,339804,401228,147456
21.621622,0.0,5300,,809528,741020,339800,401220,147456
16.138329,0.0,5300,,809520,741028,339800,401228,147456
18.333334,0.0,5300,,810140,740408,339188,401220,147456
17.847025,0.28328612,5300,,810316,740232,338940,401292,147456
16.045845,0.0,5300,,809340,741208,339916,401292,147456
18.539326,0.28089887,5300,,810520,740028,338360,401668,147456
18.282549,0.0,5300,,810144,740404,338644,401760,147456
18.956043,0.0,5300,,810096,740452,338692,401760,147456
19.67655,0.0,5300,,810392,740156,338320,401760,147456
20.0,0.28169015,5300,,813028,737520,334376,403144,147456
20.054945,0.0,5300,,813172,737376,334264,403112,147456
18.010754,0.26881722,5300,,813324,737224,334104,403120,147456
16.806723,0.0,5300,,813564,736984,333864,403120,147456
21.276596,0.0,5300,,813764,736784,333840,403068,147456
17.906336,0.0,5300,,813728,736820,333700,403120,147456
18.956043,0.0,5300,,813616,736932,335332,401600,147456
17.582418,0.2747253,5300,,813828,736720,335228,401492,147456
16.430595,0.0,5300,,813828,736720,335228,401492,147456
17.983652,0.0,5300,,813828,736720,335228,401492,147456
17.307692,0.0,5300,,813872,736676,334980,401696,147456
16.759777,0.0,5300,,813992,736556,334856,401700,147456
23.529411,0.0,5300,,815196,735352,333272,402080,147456
19.836956,0.27173913,5300,,814892,735656,333492,402164,147456
16.949152,0.0,5300,,815380,735168,332996,402172,147456
20.108696,0.0,5300,,816208,734340,334608,399732,147456
20.215633,0.26954177,5300,,816580,733968,334236,399732,147456
17.48634,0.0,5300,,815960,734588,334856,399732,147456
21.693121,0.0,5300,,816084,734464,334732,399732,147456
17.039106,0.0,5300,,816084,734464,334732,399732,147456
18.207283,0.0,5300,,816340,734208,334484,399724,147456
17.5,0.5555556,5300,,816084,734464,334732,399732,147456
18.559557,0.0,5300,,816456,734092,334360,399732,147456
19.565218,0.0,5300,,816580,733968,334236,399732,147456
22.972973,0.0,5300,,818884,731664,330888,400776,147456
18.232044,0.0,5300,,819008,731540,330764,400776,147456
20.391062,0.0,5300,,820776,729772,330608,399164,147456
20.375336,0.0,5300,,820776,729772,330608,399164,147456
19.346048,0.0,5300,,820776,729772,330608,399164,147456
17.183098,0.0,5300,,820948,729600,330360,399164,147456
22.222221,0.0,5300,,821520,729028,332096,396932,147456
19.889503,0.5524862,5300,,822252,728296,333336,394960,147456
22.133333,0.0,5300,,822368,728180,333212,394968,147456
21.505377,0.8064516,5300,,821624,728924,333956,394968,147456
19.142857,0.0,5300,,821872,728676,333708,394968,147456
20.775623,0.0,5300,,821748,728800,333832,394968,147456
20.498615,0.0,5300,,821872,728676,333708,394968,147456
17.827297,0.0,5300,,821996,728552,333584,394968,147456
20.967741,0.26881722,5300,,820880,729668,334700,394968,147456
21.02426,0.0,5300,,820880,729668,334700,394968,147456
16.619719,0.0,5300,,820888,729660,334700,394960,147456
19.714285,0.0,5300,,820880,729668,334824,394968,147456
20.821918,0.0,5300,,821128,729420,334452,394968,147456
18.233618,0.28490028,5300,,820896,729652,334700,394952,147456
17.47851,0.0,5300,,820880,729668,334700,394968,147456
23.243244,0.0,5300,,821000,729548,334576,394972,147456
21.038252,0.0,5300,,821124,729424,334452,394972,147456
21.02426,0.0,5300,,821248,729300,334328,394972,147456
20.168068,0.28011206,5300,,821372,729176,334204,394972,147456
20.44199,0.0,5300,,821496,729052,334080,394972,147456
22.465754,0.0,5300,,821628,728920,333956,394964,147456
21.832884,0.26954177,5300,,821744,728804,333832,394972,147456
22.04301,0.0,5300,,821496,729052,334080,394972,147456
20.879122,0.0,5300,,821744,728804,333832,394972,147456
19.94382,0.0,5300,,821860,728688,333708,394980,147456
24.010553,0.26385224,5300,,822128,728420,333352,395192,147456
19.101124,0.0,5300,,821128,729420,334220,395200,147456
19.23077,0.0,5300,,820880,729668,334468,395200,147456
20.221607,0.0,5300,,820756,729792,334592,395200,147456
18.390804,0.0,5300,,820880,729668,334468,395200,147456
20.32967,0.0,5300,,820880,729668,334468,395200,147456
23.2,0.26666668,5300,,821128,729420,334220,395200,147456
19.390581,0.0,5300,,821252,729296,334096,395200,147456
16.618912,0.0,5300,,821432,729116,333932,395184,147456
17.428572,0.5714286,5300,,821616,728932,333732,395200,147456
22.162163,0.0,5300,,821616,728932,333732,395200,147456
20.8,0.0,5300,,821864,728684,333608,395200,147456
19.047619,0.0,5300,,822484,728064,332864,395200,147456
15.759313,0.0,5300,,822484,728064,332864,395200,147456
17.329546,0.0,5300,,823208,727340,334600,392788,147456
18.61111,0.0,5300,,823160,727388,334600,392788,147456
17.57925,0.28818443,5300,,823044,727504,334724,392780,147456
18.309858,0.28169015,5300,,823060,727488,334700,392788,147456
15.16035,0.0,5300,,822936,727612,334824,392788,147456
18.181818,0.0,5300,,823036,727512,334724,392788,147456
20.754717,0.0,5300,,822060,728488,335700,392788,147456
18.767508,0.0,5300,,822292,728256,335468,392788,147456
19.505495,0.2747253,5300,,822416,728132,335344,392788,147456
19.9446,0.0,5300,,821920,728628,335840,392788,147456
18.384401,0.0,5300,,822044,728504,335716,392788,147456
20.385675,0.0,5300,,822184,728364,335592,392772,147456
20.775623,0.55401665,5300,,822136,728412,335624,392788,147456
20.32967,0.0,5300,,822292,728256,335468,392788,147456
18.662952,0.0,5300,,822292,728256,335468,392788,147456
18.820225,0.0,5300,,822292,728256,335468,392788,147456
18.155619,0.0,5300,,822420,728128,335336,392792,147456
17.514124,0.0,5300,,822296,728252,335460,392792,147456
17.948717,0.0,5300,,822296,728252,335460,392792,147456
21.138212,0.0,5300,,822544,728004,335212,392792,147456
19.9446,0.0,5300,,822792,727756,334964,392792,147456
20.980927,0.0,5300,,822924,727624,334840,392784,147456
23.359581,0.2624672,5300,,822916,727632,334840,392792,147456
17.378918,0.0,5300,,822916,727632,334840,392792,147456
20.221607,0.0,5300,,822916,727632,334840,392792,147456
19.887955,0.28011206,5300,,823280,727268,334468,392800,147456
21.666666,0.0,5300,,823528,727020,334220,392800,147456
19.662922,0.0,5300,,823528,727020,334220,392800,147456
20.612814,0.0,5300,,823776,726772,333972,392800,147456
20.588236,0.0,5300,,823776,726772,333972,392800,147456
20.64343,0.0,5300,,824024,726524,333724,392800,147456
18.156425,0.2793296,5300,,823272,727276,334476,392800,147456
20.0,0.0,5300,,823768,726780,333980,392800,147456
17.977528,0.0,5300,,823272,727276,334476,392800,147456
18.715084,0.0,5300,,823396,727152,334352,392800,147456
21.5847,0.0,5300,,823520,727028,334228,392800,147456
23.947369,0.2631579,5300,,823644,726904,334104,392800,147456
20.547945,0.0,5300,,823768,726780,333980,392800,147456
18.361582,0.0,5300,,824016,726532,333732,392800,147456
20.221607,0.55401665,5300,,824016,726532,333732,392800,147456
18.130312,0.0,5300,,824016,726532,333732,392800,147456
21.95122,0.0,5300,,824264,726284,333484,392800,147456
18.413597,0.28328612,5300,,824652,725896,335344,390552,147456
20.273973,0.0,5300,,824652,725896,335344,390552,147456
20.54054,0.0,5300,,824032,726516,335964,390552,147456
20.718231,0.0,5300,,824156,726392,335840,390552,147456
19.553072,0.0,5300,,823064,727484,336932,390552,147456
16.285715,0.5714286,5300,,823040,727508,336956,390552,147456
19.66759,0.0,5300,,823040,727508,336956,390552,147456
19.891008,0.0,5300,,823164,727384,336832,390552,147456
21.311476,0.0,5300,,823164,727384,336832,390552,147456
19.436619,0.0,5300,,823288,727260,336708,390552,147456
22.340425,0.0,5300,,823288,727260,336708,390552,147456
18.715084,0.0,5300,,823288,727260,336708,390552,147456
20.054201,0.0,5300,,823300,727248,336708,390540,147456
21.563343,0.26954177,5300,,823288,727260,336708,390552,147456
20.05571,0.0,5300,,823784,726764,336212,390552,147456
21.563343,0.0,5300,,824032,726516,335964,390552,147456
20.273973,0.0,5300,,824280,726268,335716,390552,147456
18.852459,0.0,5300,,824652,725896,335344,390552,147456
18.4573,0.2754821,5300,,824652,725896,335344,390552,147456
24.202127,0.0,5300,,824888,725660,335096,390564,147456
18.732782,0.0,5300,,825124,725424,334856,390568,147456
20.325203,0.0,5300,,825372,725176,334608,390568,147456
18.487394,0.28011206,5300,,825868,724680,334112,390568,147456
20.110193,0.0,5300,,825860,724688,334112,390576,147456
18.156425,0.0,5300,,825984,724564,333988,390576,147456
19.498608,0.0,5300,,825984,724564,333988,390576,147456
32.625996,0.0,5300,,818984,731564,337084,394480,147456
29.752066,0.5509642,5300,,819144,731404,336860,394544,147456
30.27027,0.0,5300,,819828,730720,335940,394780,147456
28.337875,0.0,5300,,821016,729532,334676,394856,147456
31.134565,0.0,5300,,821540,729008,334080,394928,147456
30.601093,0.0,5300,,822756,727792,332792,395000,147456
31.413612,0.0,5300,,824768,725780,332796,392984,147456
31.865286,0.0,5300,,825108,725440,332336,393104,147456
33.244682,0.26595744,5300,,826848,723700,332832,390868,147456
31.74603,0.0,5300,,828856,721692,333204,388488,147456
50.0,0.0,5300,,824076,726472,337604,388868,147456
40.166206,0.0,5300,,825740,724808,330504,394304,147456
21.891891,0.27027026,5300,,825292,725256,330936,394320,147456
20.28169,0.0,5300,,813868,736680,345472,391208,147456
20.698925,0.0,5300,,813484,737064,345704,391360,147456
23.174603,0.31746033,5300,,813436,737112,345792,391320,147456
21.038252,0.0,5300,,811136,739412,348084,391328,147456
17.464788,0.0,5300,,811384,739164,347836,391328,147456
21.32964,0.0,5300,,811308,739240,347912,391328,147456
25.824175,0.2747253,5300,,814180,736368,343472,392820,147456
20.547945,0.0,5300,,814300,736248,343472,392776,147456
20.844328,0.0,5300,,814516,736032,343256,392776,147456
17.877094,0.0,5300,,814764,735784,343008,392776,147456
20.980927,0.0,5300,,814764,735784,343008,392776,147456
17.280453,0.0,5300,,814980,735568,342792,392776,147456
20.385675,0.2754821,5300,,814984,735564,342792,392772,147456
17.777779,0.0,5300,,810888,739660,346884,392776,147456
19.722221,0.0,5300,,810888,739660,346884,392776,147456
23.180593,0.0,5300,,811444,739104,346388,392764,147456
21.652422,0.28490028,5300,,813220,737328,343908,393420,147456
27.368422,0.0,5300,,813972,736576,342048,394528,147456
18.591549,0.0,5300,,813972,736576,342048,394528,147456
20.054201,0.0,5300,,814096,736452,341924,394528,147456
19.891008,0.0,5300,,814220,736328,341800,394528,147456
17.663818,0.28490028,5300,,814228,736320,341800,394520,147456
19.836956,0.0,5300,,813896,736652,342124,394528,147456
20.821918,0.0,5300,,813848,736700,342172,394528,147456
19.505495,0.0,5300,,813848,736700,342172,394528,147456
25.260416,0.0,5300,,814424,736124,341504,394620,147456
16.138329,0.28818443,5300,,814460,736088,341552,394536,147456
21.212122,0.0,5300,,814340,736208,341676,394532,147456
20.385675,0.0,5300,,814704,735844,341312,394532,147456
18.88889,0.0,5300,,814824,735724,341188,394536,147456
21.983913,0.0,5300,,815072,735476,340940,394536,147456
23.896105,0.5194805,5300,,815444,735104,340568,394536,147456
18.994413,0.5586592,5300,,815320,735228,340692,394536,147456
21.153847,0.0,5300,,815320,735228,340692,394536,147456
22.222221,0.0,5300,,815568,734980,340444,394536,147456
22.432432,0.0,5300,,815704,734844,340320,394524,147456
19.382023,0.28089887,5300,,815316,735232,340692,394540,147456
18.384401,0.0,5300,,814324,736224,341684,394540,147456
17.366947,0.0,5300,,814316,736232,341692,394540,147456
17.534246,0.0,5300,,814316,736232,341692,394540,147456
22.162163,0.27027026,5300,,814316,736232,341692,394540,147456
20.0,0.0,5300,,814316,736232,341692,394540,147456
19.67213,0.0,5300,,814316,736232,341692,394540,147456
20.385675,0.0,5300,,813944,736604,342064,394540,147456
19.722221,0.0,5300,,813944,736604,342064,394540,147456
21.715818,0.0,5300,,814192,736356,341816,394540,147456
17.183098,0.28169015,5300,,814440,736108,341568,394540,147456
17.847025,0.0,5300,,814636,735912,341348,394564,147456
18.696884,0.0,5300,,814688,735860,341320,394540,147456
19.553072,0.0,5300,,814812,735736,341196,394540,147456
20.498615,0.0,5300,,814412,736136,341576,394560,147456
19.32773,0.28011206,5300,,814412,736136,341576,394560,147456
18.98017,0.0,5300,,814412,736136,341576,394560,147456
20.44199,0.0,5300,,814164,736384,341824,394560,147456
15.0,0.0,5300,,814288,736260,341700,394560,147456
20.980927,0.0,5300,,814692,735856,341296,394560,147456
18.156425,0.0,5300,,814692,735856,341296,394560,147456
15.652174,0.28985506,5300,,814940,735608,341048,394560,147456
18.644068,0.0,5300,,814940,735608,341048,394560,147456
19.23077,0.0,5300,,815412,735136,340552,394508,147456
15.362319,0.0,5300,,815360,735188,340628,394560,147456
23.514212,0.25839794,5300,,815312,735236,340676,394560,147456
18.130312,0.0,5300,,815312,735236,340676,394560,147456
19.726027,0.2739726,5300,,815436,735112,340552,394560,147456
17.142857,0.0,5300,,815436,735112,340552,394560,147456
19.047619,0.0,5300,,815808,734740,340304,394560,147456
17.597765,0.0,5300,,816056,734492,339932,394560,147456
17.355371,0.0,5300,,816004,734544,340108,394560,147456
17.630854,0.8264463,5300,,815436,735112,340552,394560,147456
18.836565,0.0,5300,,815560,734988,340428,394560,147456
18.559557,0.0,5300,,815816,734732,340180,394552,147456
18.662952,0.0,5300,,815932,734616,340056,394560,147456
19.166666,0.0,5300,,816056,734492,339932,394560,147456
18.836565,0.27700832,5300,,814636,735912,341352,394560,147456
17.280453,0.0,5300,,814568,735980,341420,394560,147456
18.518518,0.0,5300,,814948,735600,341048,394552,147456
18.435755,0.0,5300,,815188,735360,340800,394560,147456
22.849463,0.0,5300,,815312,735236,340676,394560,147456
18.61111,0.2777778,5300,,815280,735268,340708,394560,147456
18.181818,0.0,5300,,815280,735268,340708,394560,147456
20.165747,0.0,5300,,815156,735392,340832,394560,147456
19.113573,0.0,5300,,815404,735144,340584,394560,147456
21.038252,0.0,5300,,815528,735020,340460,394560,147456
21.505377,0.0,5300,,815528,735020,340460,394560,147456
16.38418,0.0,5300,,814784,735764,341204,394560,147456
25.745258,0.2710027,5300,,815424,735124,339072,396052,147456
30.0,0.0,5300,,816276,734272,338204,396068,147456
30.563004,0.0,5300,,817828,732720,336592,396128,147456
31.443298,0.0,5300,,819340,731208,335004,396204,147456
30.81081,0.0,5300,,820136,730412,334136,396276,147456
34.920635,0.26455027,5300,,820872,729676,333320,396356,147456
35.658916,0.0,5300,,822616,727932,331508,396424,147456
33.333332,0.0,5300,,824560,725988,331360,394628,147456
33.676094,0.2570694,5300,,826060,724488,331904,392584,147456
30.831099,0.0,5300,,827668,722880,332700,390180,147456
43.98977,0.0,5300,,826676,723872,332732,391140,147456
51.302082,0.0,5300,,834252,716296,344060,372236,147456
18.836565,0.0,5300,,833304,717244,344848,372396,147456
20.661158,0.5509642,5300,,822208,728340,357696,370644,147456
22.432432,0.0,5300,,823660,726888,355936,370952,147456
19.197708,0.0,5300,,826672,723876,352740,371136,147456
16.524216,0.0,5300,,825512,725036,353900,371136,147456
20.891365,0.0,5300,,823864,726684,355548,371136,147456
20.054945,0.0,5300,,823776,726772,355636,371136,147456
19.777159,0.0,5300,,824900,725648,354356,371292,147456
20.385675,0.2754821,5300,,823968,726580,355148,371432,147456
21.448467,0.0,5300,,823820,726728,355328,371400,147456
19.834711,0.0,5300,,823980,726568,355180,371388,147456
19.18919,0.27027026,5300,,824192,726356,354956,371400,147456
20.22792,0.0,5300,,826204,724344,351636,372708,147456
19.722221,0.0,5300,,824232,726316,353176,372640,147456
19.836956,0.0,5300,,823220,727328,354684,372644,147456
19.178082,0.0,5300,,823196,727352,354708,372644,147456
21.95122,0.2710027,5300,,824160,726388,353372,372940,147456
17.847025,0.0,5300,,823468,727080,353940,373064,147456
19.444445,0.0,5300,,823384,727164,354088,373076,147456
21.467392,0.0,5300,,823756,726792,353716,373076,147456
19.444445,0.0,5300,,823756,726792,353716,373076,147456
17.280453,0.28328612,5300,,823880,726668,353592,373076,147456
19.505495,0.0,5300,,824004,726544,353468,373076,147456
18.518518,0.0,5300,,824284,726264,353196,373068,147456
16.981133,0.0,5300,,824272,726276,353200,373076,147456
18.4573,0.2754821,5300,,824252,726296,353220,373076,147456
21.195652,0.0,5300,,824788,725760,352848,372912,147456
22.64151,0.0,5300,,824624,725924,352848,373076,147456
22.408964,0.28011206,5300,,824896,725652,352280,373372,147456
23.119778,0.0,5300,,828200,722348,347664,374808,147456
17.366947,0.0,5300,,827972,722576,347692,374884,147456
22.04301,0.0,5300,,829492,721056,345756,375224,147456
20.108696,0.27173913,5300,,829344,721204,345880,375324,147456
20.325203,0.0,5300,,830496,720052,344052,375316,147456
18.207283,0.0,5300,,830052,720496,345172,375324,147456
18.207283,0.0,5300,,830136,720412,345088,375324,147456
21.563343,0.0,5300,,830088,720460,345136,375324,147456
21.978022,0.2747253,5300,,830508,720040,344764,375276,147456
20.708447,0.0,5300,,830768,719780,344456,375324,147456
18.836565,0.0,5300,,830872,719676,344276,375324,147456
20.110193,0.0,5300,,830948,719600,344276,375324,147456
21.253407,0.0,5300,,831072,719476,344152,375324,147456
21.2938,0.26954177,5300,,830576,719972,344648,375324,147456
22.192513,0.0,5300,,830608,719940,344624,375316,147456
20.385675,0.2754821,5300,,830576,719972,344648,375324,147456
24.146982,0.5249344,5300,,829832,720716,345392,375324,147456
19.774012,0.0,5300,,831792,718756,342988,375768,147456
19.662922,0.0,5300,,831264,719284,343512,375772,147456
17.231638,0.0,5300,,831140,719408,343608,375800,147456
18.435755,0.0,5300,,831360,719188,343408,375780,147456
19.337017,0.0,5300,,830492,720056,344276,375780,147456
18.02817,0.0,5300,,830540,720008,344228,375780,147456
22.47191,0.28089887,5300,,834384,716164,339172,377116,147456
20.0,0.0,5300,,834512,716036,338820,377216,147456
20.159151,0.0,5300,,834504,716044,338820,377224,147456
18.820225,0.0,5300,,834504,716044,338820,377224,147456
19.67213,0.0,5300,,834652,715896,338672,377224,147456
21.09589,0.2739726,5300,,834628,715920,338696,377224,147456
21.09589,0.0,5300,,834412,716136,338920,377216,147456
21.253407,0.0,5300,,834428,716120,338820,377224,147456
20.320856,0.53475934,5300,,834628,715920,338696,377224,147456
18.130312,0.0,5300,,836196,714352,336680,377672,147456
21.505377,0.0,5300,,837100,713448,335844,377604,147456
20.604395,0.0,5300,,837144,713404,335748,377656,147456
19.060774,0.0,5300,,837096,713452,335720,377656,147456
18.130312,0.0,5300,,836388,714160,336504,377656,147456
19.834711,0.0,5300,,836428,714120,336464,377656,147456
18.309858,0.0,5300,,836700,713848,336196,377652,147456
19.178082,0.0,5300,,836800,713748,336092,377656,147456
15.428572,0.2857143,5300,,836344,714204,336548,377656,147456
19.03409,0.0,5300,,837872,712676,334564,378112,147456
16.949152,0.0,5300,,837800,712748,334540,378208,147456
18.767508,0.0,5300,,837976,712572,334364,378208,147456
20.165747,0.2762431,5300,,838036,712512,334304,378208,147456
20.277779,0.0,5300,,838100,712448,334316,378208,147456
18.732782,0.0,5300,,838100,712448,334240,378208,147456
19.101124,0.0,5300,,837272,713276,335068,378208,147456
22.493225,0.0,5300,,837656,712892,334640,378252,147456
20.32967,0.0,5300,,837716,712832,334520,378312,147456
18.156425,0.2793296,5300,,838236,712312,333996,378316,147456
17.032967,0.0,5300,,838536,712012,333748,378312,147456
18.662952,0.0,5300,,838612,711936,333624,378312,147456
21.138212,0.0,5300,,839268,711280,335064,376216,147456
18.87324,0.5633803,5300,,838748,711800,335584,376216,147456
16.056337,0.0,5300,,838760,711788,335576,376216,147456
19.346048,0.0,5300,,838856,711692,335476,376216,147456
18.207283,0.0,5300,,838856,711692,335476,376216,147456
21.081081,0.27027026,5300,,838000,712548,336336,376212,147456
21.467392,0.27173913,5300,,837888,712660,336444,376216,147456
18.941504,0.0,5300,,837888,712660,336444,376216,147456
16.155989,0.0,5300,,837988,712560,336344,376216,147456
18.356165,0.2739726,5300,,838112,712436,336344,376216,147456
20.375336,0.0,5300,,838236,712312,336096,376216,147456
19.101124,0.0,5300,,838360,712188,335972,376216,147456
19.67213,0.0,5300,,838484,712064,335848,376216,147456
17.366947,0.0,5300,,837864,712684,336468,376216,147456
16.949152,0.28248587,5300,,837988,712560,336344,376216,147456
20.661158,0.0,5300,,838112,712436,336220,376216,147456
18.681318,0.0,5300,,838484,712064,335848,376216,147456
17.847025,0.0,5300,,838608,711940,335724,376216,147456
18.435755,0.0,5300,,838532,712016,335724,376216,147456
21.195652,0.27173913,5300,,838432,712116,335676,376440,147456
21.428572,0.0,5300,,838268,712280,334608,377672,147456
19.337017,0.0,5300,,838516,712032,334360,377672,147456
18.88889,0.0,5300,,838764,711784,334112,377672,147456
20.0,0.0,5300,,838888,711660,333988,377672,147456
18.232044,0.0,5300,,839012,711536,333988,377672,147456
19.390581,0.27700832,5300,,838424,712124,334452,377672,147456
19.832403,0.0,5300,,838672,711876,334204,377672,147456
19.452055,0.0,5300,,838788,711760,334080,377680,147456
17.514124,0.0,5300,,838416,712132,334452,377680,147456
18.78453,0.5524862,5300,,838416,712132,334452,377680,147456
20.435966,0.0,5300,,838424,712124,334452,377672,147456
18.156425,0.0,5300,,838712,711836,334156,377680,147456
18.181818,0.0,5300,,838788,711760,334080,377680,147456
18.941504,0.0,5300,,839036,711512,333832,377680,147456
18.75,0.0,5300,,839036,711512,333832,377680,147456
17.56374,0.0,5300,,838284,712264,334708,377680,147456
18.309858,0.0,5300,,838404,712144,334188,378056,147456
17.134832,0.28089887,5300,,838652,711896,333840,378056,147456
18.630136,0.82191783,5300,,838032,712516,334460,378056,147456
18.282549,0.0,5300,,838032,712516,334460,378056,147456
19.148935,0.0,5300,,838156,712392,334336,378056,147456
19.101124,0.0,5300,,838436,712112,334064,378048,147456
20.923914,0.0,5300,,838404,712144,334088,378056,147456
19.166666,0.2777778,5300,,837536,713012,334956,378056,147456
19.390581,0.0,5300,,837536,713012,334956,378056,147456
19.777159,0.0,5300,,837660,712888,334832,378056,147456
19.125683,0.0,5300,,837908,712640,334584,378056,147456
19.318182,0.0,5300,,837852,712696,334832,377864,147456
21.563343,0.26954177,5300,,837976,712572,334708,377864,147456
24.60733,0.0,5300,,838100,712448,334584,377864,147456
21.857924,0.0,5300,,838108,712440,334584,377856,147456
21.983913,0.0,5300,,838596,711952,334088,377864,147456
18.435755,0.0,5300,,838596,711952,334088,377864,147456
21.467392,0.27173913,5300,,838844,711704,333840,377864,147456
21.081081,0.0,5300,,838844,711704,333840,377864,147456
20.273973,0.0,5300,,838844,711704,333840,377864,147456
20.05571,0.0,5300,,838520,712028,334164,377864,147456
18.88889,0.0,5300,,838944,711604,335396,376208,147456
20.765028,0.0,5300,,838936,711612,335320,376292,147456
35.0,0.2777778,5300,,846536,704012,331812,372200,147456
18.02817,0.0,5300,,846488,704060,331860,372200,147456
24.528301,0.0,5300,,846744,703804,331604,372200,147456
19.839142,0.0,5300,,846744,703804,331604,372200,147456
19.774012,0.28248587,5300,,846620,703928,331728,372200,147456
20.168068,0.0,5300,,845880,704668,332464,372204,147456
19.66759,0.0,5300,,846128,704420,332216,372204,147456
21.35135,0.0,5300,,846872,703676,331472,372204,147456
17.597765,0.2793296,5300,,846988,703560,331348,372212,147456
17.955801,0.0,5300,,846760,703788,331576,372212,147456
18.90411,0.0,5300,,846616,703932,331720,372212,147456
19.94609,0.26954177,5300,,846616,703932,331720,372212,147456
16.666666,0.0,5300,,846852,703696,331488,372208,147456
18.487394,0.0,5300,,846972,703576,331364,372212,147456
22.432432,0.0,5300,,847248,703300,332672,370752,147456
20.32967,0.0,5300,,847352,703196,332852,370344,147456
18.258427,0.56179774,5300,,846856,703692,333348,370344,147456
21.891891,0.0,5300,,846980,703568,333224,370344,147456
18.207283,0.0,5300,,847724,702824,332480,370344,147456
20.604395,0.0,5300,,847724,702824,332480,370344,147456
20.879122,0.5494506,5300,,846524,704024,333680,370344,147456
17.514124,0.0,5300,,846484,704064,333720,370344,147456
21.774193,0.0,5300,,846632,703916,333572,370344,147456
22.751324,0.0,5300,,846616,703932,333596,370336,147456
22.074469,0.0,5300,,846608,703940,333596,370344,147456
19.78022,0.0,5300,,846608,703940,333596,370344,147456
19.61326,0.0,5300,,846608,703940,333596,370344,147456
21.38889,0.0,5300,,846112,704436,334092,370344,147456
19.32773,0.0,5300,,846236,704312,333968,370344,147456
20.0,0.0,5300,,846476,704072,333728,370344,147456
20.165747,0.0,5300,,846600,703948,333604,370344,147456
20.44199,0.0,5300,,846848,703700,333356,370344,147456
21.276596,0.26595744,5300,,846980,703568,333232,370336,147456
21.369864,0.0,5300,,847344,703204,332984,370344,147456
20.491804,0.0,5300,,847328,703220,332860,370360,147456
22.865013,0.2754821,5300,,847452,703096,332736,370360,147456
19.777159,0.0,5300,,847824,702724,332364,370360,147456
18.258427,0.0,5300,,847996,702552,332192,370360,147456
41.23989,0.0,5300,,854592,695956,328148,367808,147456
31.955923,0.2754821,5300,,855920,694628,329068,365560,147456
26.098902,0.0,5300,,856928,693620,328000,365620,147456
29.787233,0.0,5300,,858556,691992,328596,363396,147456
29.62963,0.0,5300,,859420,691128,329928,361200,147456
26.809652,0.0,5300,,853096,697452,336284,361168,147456
30.481283,0.53475934,5300,,854760,695788,334548,361240,147456
31.367292,0.0,5300,,857144,693404,332092,361312,147456
29.619566,0.0,5300,,858540,692008,330620,361388,147456
30.68493,0.0,5300,,860212,690336,332164,358172,147456
46.88347,0.0,5300,,854424,696124,337448,358676,147456
39.166668,0.0,5300,,857984,692564,328696,363868,147456
19.61326,0.0,5300,,858048,692500,328628,363872,147456
16.954023,0.0,5300,,847544,703004,342244,360760,147456
19.398907,0.0,5300,,847584,702964,342204,360760,147456
22.739725,0.82191783,5300,,845348,705200,344432,360768,147456
17.094017,0.0,5300,,845280,705268,344500,360768,147456
15.909091,0.0,5300,,845180,705368,344600,360768,147456
23.770493,0.0,5300,,847052,703496,341396,362100,147456
22.727272,0.0,5300,,847668,702880,340956,361924,147456
19.263456,0.0,5300,,846524,704024,342144,361880,147456
20.32967,0.0,5300,,846508,704040,342160,361880,147456
16.571428,0.0,5300,,846500,704048,342160,361888,147456
17.914438,0.0,5300,,846748,703800,341912,361888,147456
21.48541,0.265252,5300,,846940,703608,341720,361888,147456
18.133333,0.0,5300,,847004,703544,341664,361880,147456
19.283747,0.0,5300,,846996,703552,341664,361888,147456
18.78453,0.2762431,5300,,847244,703304,341416,361888,147456
25.27174,0.0,5300,,848308,702240,339880,362360,147456
21.153847,0.2747253,5300,,848432,702116,339756,362360,147456
22.099447,0.0,5300,,852480,698068,334536,363532,147456
19.346048,0.0,5300,,852416,698132,334472,363660,147456
17.127071,0.0,5300,,852532,698016,334348,363668,147456
21.957672,0.0,5300,,852656,697892,334224,363668,147456
21.563343,0.0,5300,,853316,697232,335860,361372,147456
18.10585,0.27855152,5300,,853464,697084,335836,361248,147456
16.949152,0.0,5300,,851256,699292,338044,361248,147456
19.559229,0.0,5300,,851232,699316,338068,361248,147456
20.718231,0.0,5300,,851600,698948,337696,361252,147456
19.283747,0.0,5300,,851600,698948,337696,361252,147456
23.733334,0.53333336,5300,,852176,698372,337284,361088,147456
21.798365,0.0,5300,,851960,698588,337340,361248,147456
20.604395,0.0,5300,,852320,698228,337092,361260,147456
24.175825,0.0,5300,,853952,696596,334696,361900,147456
20.698925,0.0,5300,,853944,696604,334620,361984,147456
21.925133,0.0,5300,,854160,696388,334404,361984,147456
28.8,0.0,5300,,838620,711928,348560,363368,147456
20.163488,0.0,5300,,838648,711900,348532,363368,147456
21.487604,0.0,5300,,839020,711528,348160,363368,147456
20.27027,0.0,5300,,839020,711528,348160,363368,147456
18.02817,0.0,5300,,839020,711528,348160,363368,147456
18.836565,0.0,5300,,838484,712064,348708,363356,147456
20.708447,0.27247956,5300,,838152,712396,349028,363368,147456
18.406593,0.2747253,5300,,837780,712768,349400,363368,147456
21.390375,0.0,5300,,837928,712620,349252,363368,147456
18.78307,0.26455027,5300,,838152,712396,349028,363368,147456
21.750664,0.0,5300,,838400,712148,348780,363368,147456
22.4,0.26666668,5300,,836980,713568,350204,363364,147456
22.01087,0.0,5300,,836936,713612,350244,363368,147456
23.705723,0.0,5300,,837180,713368,349724,363644,147456
21.563343,0.0,5300,,837248,713300,349648,363652,147456
20.053476,0.0,5300,,837372,713176,349524,363652,147456
19.346048,0.27247956,5300,,837372,713176,349524,363652,147456
20.652174,0.0,5300,,837380,713168,349524,363644,147456
18.662952,0.0,5300,,837644,712904,349376,363652,147456
18.4573,0.0,5300,,837868,712680,349028,363652,147456
21.195652,0.0,5300,,833948,716600,352948,363652,147456
18.767508,0.0,5300,,833900,716648,352996,363652,147456
18.767508,0.28011206,5300,,833900,716648,352996,363652,147456
19.777159,0.0,5300,,834296,716252,352600,363652,147456
18.02817,0.0,5300,,834272,716276,352624,363652,147456
20.980927,0.0,5300,,834272,716276,352624,363652,147456
21.038252,0.0,5300,,834396,716152,352500,363652,147456
18.10585,0.27855152,5300,,834520,716028,352376,363652,147456
20.385675,0.0,5300,,834772,715776,352128,363648,147456
22.615805,0.0,5300,,834892,715656,352004,363652,147456
20.708447,0.0,5300,,834644,715904,352252,363652,147456
18.384401,0.0,5300,,834768,715780,352128,363652,147456
19.444445,0.2777778,5300,,834768,715780,352128,363652,147456
16.761364,0.0,5300,,834784,715764,352112,363652,147456
20.391062,0.0,5300,,835008,715540,351888,363652,147456
19.390581,0.0,5300,,834140,716408,352756,363652,147456
17.597765,0.0,5300,,834264,716284,352632,363652,147456
18.88889,0.2777778,5300,,834520,716028,352384,363644,147456
20.266666,0.0,5300,,834760,715788,352136,363652,147456
23.324396,0.0,5300,,835008,715540,351888,363652,147456
17.451523,0.0,5300,,835008,715540,351888,363652,147456
18.406593,0.0,5300,,835256,715292,351764,363652,147456
23.243244,0.27027026,5300,,835380,715168,351516,363652,147456
16.71388,0.0,5300,,835504,715044,351392,363652,147456
21.657755,0.80213904,5300,,835804,714744,351096,363648,147456
15.921787,0.0,5300,,835528,715020,351368,363652,147456
20.27027,0.0,5300,,835504,715044,351392,363652,147456
18.435755,0.5586592,5300,,835628,714920,351268,363652,147456
19.61326,0.0,5300,,835752,714796,351144,363652,147456
18.767508,0.0,5300,,835256,715292,351640,363652,147456
20.163488,0.0,5300,,835380,715168,351516,363652,147456
19.66759,0.0,5300,,835504,715044,351392,363652,147456
19.390581,0.0,5300,,835504,715044,351392,363652,147456
20.165747,0.0,5300,,835752,714796,351144,363652,147456
22.81167,0.0,5300,,835520,715028,351368,363660,147456
17.548746,0.27855152,5300,,835620,714928,351268,363660,147456
22.222221,0.0,5300,,835608,714940,351268,363672,147456
22.105263,0.0,5300,,835732,714816,351144,363672,147456
18.233618,0.0,5300,,835856,714692,351020,363672,147456
23.466667,0.0,5300,,835980,714568,350896,363672,147456
20.596207,0.2710027,5300,,835980,714568,350896,363672,147456
19.23077,0.0,5300,,835980,714568,350896,363672,147456
22.788204,0.0,5300,,836228,714320,350648,363672,147456
22.192513,0.0,5300,,836312,714236,350576,363660,147456
21.925133,0.0,5300,,836632,713916,350252,363664,147456
20.218578,0.0,5300,,836848,713700,350028,363672,147456
19.61326,0.0,5300,,835608,714940,351268,363672,147456
21.925133,0.26737967,5300,,835856,714692,351020,363672,147456
20.263159,0.0,5300,,836028,714520,350848,363672,147456
21.409214,0.0,5300,,836352,714196,350524,363672,147456
23.157894,0.2631579,5300,,836352,714196,350524,363672,147456
22.222221,0.0,5300,,836352,714196,350524,363672,147456
18.487394,0.0,5300,,836476,714072,350400,363672,147456
22.070845,0.27247956,5300,,836500,714048,350376,363672,147456
21.02426,0.0,5300,,837160,713388,349732,363656,147456
17.344173,0.0,5300,,837220,713328,349780,363672,147456
21.372032,0.0,5300,,837344,713204,349532,363672,147456
23.359581,0.2624672,5300,,837468,713080,349532,363672,147456
18.487394,0.0,5300,,837616,712932,349384,363672,147456
20.54054,0.0,5300,,837740,712808,349136,363672,147456
22.513088,0.0,5300,,838088,712460,348788,363672,147456
23.2,0.53333336,5300,,838236,712312,348640,363672,147456
19.220057,0.0,5300,,838460,712088,348416,363672,147456
21.02426,0.0,5300,,838484,712064,348392,363672,147456
21.35135,0.0,5300,,838584,711964,348292,363672,147456
23.68421,0.0,5300,,839352,711196,347524,363672,147456
21.750664,0.265252,5300,,838212,712336,348664,363672,147456
18.61111,0.0,5300,,838592,711956,348292,363664,147456
18.579235,0.0,5300,,838608,711940,348268,363672,147456
21.944445,0.0,5300,,838740,711808,348136,363672,147456
19.565218,0.0,5300,,838864,711684,348012,363672,147456
21.80851,0.26595744,5300,,838912,711636,347964,363672,147456
23.097113,0.0,5300,,838396,712152,348484,363668,147456
17.329546,0.0,5300,,838492,712056,348508,363672,147456
19.78022,0.0,5300,,838516,712032,348352,363680,147456
20.110193,0.0,5300,,838640,711908,348228,363680,147456
18.956043,0.0,5300,,838324,712224,348528,363696,147456
29.22252,0.2680965,5300,,837600,712948,345996,366952,147456
42.27405,0.0,5300,,838660,711888,344956,366932,147456
30.494505,0.0,5300,,840556,709992,342996,366996,147456
30.585106,0.26595744,5300,,841576,708972,341908,367064,147456
30.27027,0.0,5300,,842132,708416,341284,367132,147456
32.010582,0.0,5300,,843368,707180,339976,367204,147456
29.05028,0.0,5300,,845832,704716,337492,367224,147456
28.533333,0.26666668,5300,,847664,702884,335532,367352,147456
31.59269,0.0,5300,,849804,700744,334976,365768,147456
36.294415,0.0,5300,,851496,699052,333972,365080,147456
43.47826,0.0,5300,,845292,705256,338552,366704,147456
48.32905,0.0,5300,,849652,700896,332432,368464,147456
24.933687,0.0,5300,,849376,701172,332652,368520,147456
25.065273,0.2610966,5300,,837904,712644,346040,366604,147456
27.989822,0.0,5300,,838312,712236,344944,367292,147456
27.105263,0.0,5300,,838200,712348,344984,367364,147456
23.48285,0.0,5300,,838020,712528,345120,367408,147456
24.415585,0.0,5300,,838020,712528,345120,367408,147456
22.872341,0.26595744,5300,,837944,712604,345196,367408,147456
26.463104,0.0,5300,,838936,711612,344056,367556,147456
23.056301,0.0,5300,,839052,711496,343764,367732,147456
21.621622,0.8108108,5300,,838752,711796,344120,367676,147456
21.891891,0.0,5300,,838852,711696,344020,367676,147456
22.01087,0.0,5300,,838852,711696,344020,367676,147456
22.714682,0.0,5300,,841764,708784,339820,368964,147456
20.612814,0.0,5300,,842060,708488,339432,369056,147456
24.146982,0.0,5300,,841156,709392,340328,369064,147456
18.559557,0.0,5300,,840960,709588,340524,369064,147456
22.281168,0.530504,5300,,841060,709488,340424,369064,147456
23.705723,0.0,5300,,842644,707904,338316,369588,147456
23.262032,0.0,5300,,841696,708852,339312,369540,147456
22.979797,0.0,5300,,841716,708832,339264,369568,147456
20.491804,0.0,5300,,841696,708852,339284,369568,147456
22.715405,0.0,5300,,841696,708852,339284,369568,147456
19.436619,0.0,5300,,841920,708628,339060,369568,147456
21.978022,0.0,5300,,842088,708460,338888,369572,147456
24.60733,0.2617801,5300,,842304,708244,338664,369580,147456
23.359581,0.0,5300,,842396,708152,338696,369580,147456
19.94609,0.0,5300,,842520,708028,338448,369580,147456
20.775623,0.27700832,5300,,842520,708028,338448,369580,147456
25.194805,0.0,5300,,842896,707652,338076,369576,147456
19.777159,0.0,5300,,843236,707312,337712,369600,147456
27.821522,0.5249344,5300,,843612,706936,336004,370932,147456
29.133858,0.0,5300,,845972,704576,337228,367348,147456
20.879122,0.0,5300,,845724,704824,337456,367368,147456
23.86059,0.0,5300,,845912,704636,337284,367352,147456
20.708447,0.0,5300,,846096,704452,337084,367368,147456
24.34555,0.0,5300,,845608,704940,337572,367368,147456
22.727272,0.0,5300,,845000,705548,338180,367368,147456
19.9446,0.0,5300,,844972,705576,338208,367368,147456
22.91105,0.0,5300,,845096,705452,338084,367368,147456
23.224043,0.0,5300,,845268,705280,337920,367360,147456
22.01087,0.27173913,5300,,845360,705188,337944,367368,147456
22.631578,0.0,5300,,845460,705088,337720,367368,147456
23.376623,0.0,5300,,845716,704832,337472,367360,147456
21.925133,0.0,5300,,845948,704600,337224,367376,147456
19.66759,0.0,5300,,846292,704256,336880,367376,147456
22.972973,0.27027026,5300,,846196,704352,336976,367376,147456
25.194805,0.0,5300,,846196,704352,336976,367376,147456
21.84874,0.28011206,5300,,846200,704348,336976,367372,147456
23.324396,0.0,5300,,846180,704368,337004,367364,147456
23.096447,0.2538071,5300,,845772,704776,337400,367376,147456
23.75979,0.0,5300,,845700,704848,337472,367376,147456
24.473684,0.2631579,5300,,844832,705716,338340,367376,147456
21.467392,0.0,5300,,845004,705544,338268,367376,147456
22.994652,0.0,5300,,844956,705592,338216,367376,147456
33.072918,0.0,5300,,849244,701304,333404,367984,147456
21.957672,0.26455027,5300,,849196,701352,332980,368372,147456
24.671917,0.0,5300,,848892,701656,333100,368556,147456
21.680218,0.0,5300,,849008,701540,332976,368564,147456
22.222221,0.2710027,5300,,849108,701440,332876,368564,147456
23.809525,0.0,5300,,849380,701168,332604,368564,147456
23.513514,0.0,5300,,847744,702804,334240,368564,147456
23.180593,0.0,5300,,847996,702552,333992,368560,147456
22.404371,0.5464481,5300,,848016,702532,333968,368564,147456
23.056301,0.0,5300,,848116,702432,333868,368564,147456
22.340425,0.0,5300,,848016,702532,333968,368564,147456
25.593668,0.0,5300,,848140,702408,333844,368564,147456
20.110193,0.0,5300,,848116,702432,333868,368564,147456
20.277779,0.0,5300,,848768,701780,333224,368556,147456
22.764227,0.0,5300,,848808,701740,333176,368564,147456
22.340425,0.0,5300,,848760,701788,333224,368564,147456
22.764227,0.0,5300,,849108,701440,332876,368564,147456
26.85422,0.0,5300,,849108,701440,332876,368564,147456
25.0,0.0,5300,,849384,701164,332728,368560,147456
18.696884,0.28328612,5300,,849348,701200,332628,368572,147456
23.03523,0.0,5300,,849276,701272,334092,367180,147456
23.544973,0.0,5300,,849376,701172,333992,367180,147456
21.153847,0.0,5300,,849500,701048,333992,367180,147456
23.097826,0.0,5300,,849500,701048,333868,367180,147456
24.60733,0.5235602,5300,,849820,700728,333548,367180,147456
22.820513,0.0,5300,,849028,701520,334340,367180,147456
24.137932,0.0,5300,,849004,701544,334364,367180,147456
23.670214,0.0,5300,,849128,701420,334240,367180,147456
25.789474,0.0,5300,,849256,701292,334116,367176,147456
21.467392,0.0,5300,,849244,701304,334116,367188,147456
24.933687,0.795756,5300,,848920,701628,334440,367188,147456
21.542553,0.0,5300,,848748,701800,334612,367188,147456
23.237598,0.0,5300,,848500,702048,334860,367188,147456
22.42744,0.0,5300,,848624,701924,334736,367188,147456
21.311476,0.27322406,5300,,848748,701800,334612,367188,147456
24.352331,0.0,5300,,847756,702792,335604,367188,147456
21.153847,0.0,5300,,848004,702544,335356,367188,147456
20.380434,0.0,5300,,848004,702544,335356,367188,147456
21.179625,0.2680965,5300,,848252,702296,335108,367188,147456
25.839794,0.0,5300,,848500,702048,334860,367188,147456
24.668434,0.0,5300,,848376,702172,334984,367188,147456
18.836565,0.0,5300,,848500,702048,334860,367188,147456
22.727272,0.26737967,5300,,848624,701924,334736,367188,147456
19.498608,0.0,5300,,848752,701796,334612,367184,147456
26.683937,0.0,5300,,848996,701552,334364,367188,147456
24.409449,0.0,5300,,849244,701304,334116,367188,147456
22.25201,0.0,5300,,849368,701180,333992,367188,147456
21.35135,0.0,5300,,849368,701180,333992,367188,147456
23.529411,0.26737967,5300,,849872,700676,333612,367188,147456
20.596207,0.0,5300,,850120,700428,333240,367188,147456
22.162163,0.0,5300,,850620,699928,334804,365124,147456
22.580645,0.0,5300,,850820,699728,334604,365124,147456
21.081081,0.0,5300,,850944,699604,334480,365124,147456
23.157894,0.2631579,5300,,850944,699604,334480,365124,147456
24.365482,0.0,5300,,851316,699232,334108,365124,147456
27.25,0.0,5300,,850688,699860,334860,365124,147456
22.631578,0.0,5300,,850564,699984,334860,365124,147456
35.106384,0.26595744,5300,,850272,700276,333620,366656,147456
35.658916,0.0,5300,,852024,698524,334580,363944,147456
35.353535,0.0,5300,,853444,697104,333092,364012,147456
33.245384,0.0,5300,,854604,695944,334208,361736,147456
31.648935,0.0,5300,,855156,695392,333588,361804,147456
32.105263,0.2631579,5300,,856076,694472,332596,361876,147456
30.563004,0.0,5300,,858300,692248,333340,358908,147456
31.034483,0.0,5300,,860432,690116,332796,357320,147456
31.151833,0.0,5300,,861944,688604,333044,355560,147456
33.589745,0.0,5300,,864168,686380,330736,355644,147456
58.354755,0.5141388,5300,,864276,686272,329076,357196,147456
29.545454,0.0,5300,,865040,685508,331080,354428,147456
20.994474,0.0,5300,,864916,685632,331204,354428,147456
27.98913,0.27173913,5300,,853488,697060,344720,352340,147456
22.950819,0.0,5300,,853256,697292,344944,352348,147456
27.821522,0.2624672,5300,,851620,698928,346580,352348,147456
23.743017,0.0,5300,,851868,698680,346332,352348,147456
22.033897,0.0,5300,,851268,699280,346932,352348,147456
29.329609,0.0,5300,,854708,695840,342460,353380,147456
26.684637,0.26954177,5300,,854828,695720,342240,353480,147456
22.485207,0.0,5300,,854608,695940,342504,353436,147456
23.099415,0.0,5300,,854732,695816,342380,353436,147456
24.396782,0.0,5300,,854840,695708,342256,353452,147456
22.99169,0.27700832,5300,,854832,695716,342256,353460,147456
23.446327,0.0,5300,,854956,695592,342132,353460,147456
21.449276,0.0,5300,,852104,698444,344984,353460,147456
24.109589,0.0,5300,,852228,698320,344860,353460,147456
20.718231,0.0,5300,,851732,698816,345356,353460,147456
26.732674,0.24752475,5300,,852732,697816,343868,353948,147456
19.767443,0.0,5300,,852732,697816,343868,353948,147456
21.910112,0.0,5300,,853352,697196,343372,353948,147456
20.05814,0.29069766,5300,,853104,697444,343496,353948,147456
21.529745,0.0,5300,,853004,697544,343596,353948,147456
22.689075,0.0,5300,,853360,697188,343280,353956,147456
22.946177,0.0,5300,,854772,695776,340668,355108,147456
18.644068,0.28248587,5300,,854680,695868,340800,355068,147456
18.208092,0.0,5300,,854804,695744,340676,355068,147456
22.160666,0.0,5300,,854928,695620,340552,355068,147456
23.743017,0.0,5300,,855424,695124,340056,355068,147456
19.117647,0.0,5300,,853564,696984,341916,355068,147456
24.166666,0.2777778,5300,,854056,696492,341428,355064,147456
26.1708,0.0,5300,,854180,696368,341304,355064,147456
21.468927,0.0,5300,,854200,696348,341280,355068,147456
26.086956,0.27173913,5300,,857260,693288,337708,355580,147456
23.398329,0.0,5300,,857260,693288,337708,355580,147456
22.66289,0.0,5300,,857384,693164,337584,355580,147456
22.727272,0.2840909,5300,,857632,692916,337336,355580,147456
23.901098,0.5494506,5300,,857032,693516,337936,355580,147456
20.749279,0.0,5300,,857360,693188,337612,355576,147456
25.069637,0.0,5300,,859972,690576,334064,356512,147456
23.61111,0.0,5300,,859916,690632,334120,356512,147456
21.32565,0.0,5300,,859664,690884,334368,356516,147456
24.089636,0.28011206,5300,,859044,691504,334988,356516,147456
23.561644,0.0,5300,,859152,691396,334880,356516,147456
24.863388,0.0,5300,,859168,691380,334864,356516,147456
21.264368,0.0,5300,,859168,691380,334864,356516,147456
24.109589,0.0,5300,,858556,691992,335608,356508,147456
26.612904,0.26881722,5300,,859080,691468,334508,356960,147456
22.281168,0.0,5300,,859076,691472,334444,357028,147456
25.479452,0.0,5300,,859276,691272,334244,357028,147456
22.881355,0.28248587,5300,,859524,691024,333996,357028,147456
26.649076,0.0,5300,,859884,690664,335360,355304,147456
22.905027,0.0,5300,,859884,690664,335360,355304,147456
22.625698,0.0,5300,,860228,690320,335016,355304,147456
18.103449,0.0,5300,,860256,690292,334988,355304,147456
20.738636,0.2840909,5300,,860504,690044,334740,355304,147456
25.6,0.0,5300,,860628,689920,334616,355304,147456
21.776505,0.28653294,5300,,860876,689672,334492,355304,147456
23.809525,0.0,5300,,860776,689772,334468,355304,147456
23.756907,0.0,5300,,860008,690540,335236,355304,147456
27.247957,0.0,5300,,863424,687124,334120,353128,147456
23.011364,0.0,5300,,863548,687000,333872,353128,147456
24.45055,0.2747253,5300,,863472,687076,333948,353128,147456
24.362606,0.0,5300,,865288,685260,333844,351416,147456
24.147728,0.0,5300,,865452,685096,333748,351348,147456
19.35484,0.0,5300,,865840,684708,334616,350092,147456
23.380281,0.28169015,5300,,866080,684468,334376,350092,147456
25.0,0.0,5300,,866080,684468,334376,350092,147456
21.97183,0.0,5300,,866492,684056,335336,348720,147456
24.109589,0.0,5300,,866384,684164,335492,348672,147456
22.689075,0.0,5300,,867004,683544,334996,348672,147456
24.64986,0.5602241,5300,,867128,683420,334748,348672,147456
22.99169,0.0,5300,,867004,683544,334872,348672,147456
23.955431,0.0,5300,,867004,683544,334872,348672,147456
24.309393,0.0,5300,,867128,683420,334748,348672,147456
22.033897,0.28248587,5300,,867128,683420,334748,348672,147456
23.595505,0.0,5300,,866260,684288,335616,348672,147456
32.133675,0.5141388,5300,,868896,681652,334128,347524,147456
23.782234,0.0,5300,,870464,680084,334704,345380,147456
20.408163,0.0,5300,,870128,680420,335176,345244,147456
21.875,0.0,5300,,869984,680564,335320,345244,147456
24.022346,0.0,5300,,870060,680488,335244,345244,147456
23.512749,0.0,5300,,870184,680364,335120,345244,147456
23.646723,0.28490028,5300,,870648,679900,336044,343884,147456
17.784256,0.0,5300,,870740,679808,335996,343812,147456
22.160666,0.0,5300,,870864,679684,335872,343812,147456
19.318182,0.2840909,5300,,870864,679684,335872,343812,147456
21.387283,0.0,5300,,870988,679560,335748,343812,147456
20.930233,0.0,5300,,871236,679312,335500,343812,147456
23.863636,0.2840909,5300,,869896,680652,336840,343812,147456
22.253521,0.0,5300,,869872,680676,336864,343812,147456
23.809525,0.0,5300,,870120,680428,336616,343812,147456
20.639534,0.0,5300,,870244,680304,336492,343812,147456
26.575342,0.5479452,5300,,872948,677600,335276,342324,147456
22.543352,0.0,5300,,873048,677500,335252,342248,147456
22.792023,0.0,5300,,858300,692248,350000,342248,147456
21.551723,0.0,5300,,858424,692124,349876,342248,147456
22.535212,0.0,5300,,858672,691876,349628,342248,147456
22.157434,0.0,5300,,858796,691752,349504,342248,147456
25.0,0.0,5300,,858572,691976,349728,342248,147456
22.126436,0.0,5300,,860188,690360,347668,342692,147456
22.379604,0.28328612,5300,,860236,690312,347744,342668,147456
21.551723,0.0,5300,,860112,690436,347768,342668,147456
23.011364,0.0,5300,,851976,698572,356028,342668,147456
27.22372,0.0,5300,,851424,699124,356448,342676,147456
20.97701,0.28735632,5300,,851424,699124,356448,342676,147456
22.316383,0.0,5300,,851552,698996,356324,342672,147456
25.56391,0.0,5300,,850556,699992,357316,342676,147456
21.448467,0.27855152,5300,,850804,699744,357068,342676,147456
23.876404,0.0,5300,,850580,699968,357292,342676,147456
24.369747,0.28011206,5300,,850816,699732,357068,342664,147456
23.796034,0.0,5300,,851052,699496,356820,342676,147456
22.689075,0.84033614,5300,,851176,699372,356696,342676,147456
22.535212,0.0,5300,,851176,699372,356696,342676,147456
21.11111,0.0,5300,,851300,699248,356572,342676,147456
18.367348,0.29154518,5300,,851424,699124,356448,342676,147456
22.37569,0.0,5300,,851304,699244,356572,342672,147456
17.897728,0.0,5300,,850680,699868,357292,342676,147456
22.881355,0.0,5300,,850556,699992,357316,342676,147456
21.15942,0.28985506,5300,,845760,704788,362128,342660,147456
20.79772,0.0,5300,,845720,704828,362152,342676,147456
25.977654,0.0,5300,,846188,704360,354316,350144,147456
21.32565,0.0,5300,,846348,704200,354092,350108,147456
23.943663,0.28169015,5300,,846644,703904,353796,350108,147456
19.411764,0.0,5300,,846844,703704,353596,350108,147456
22.562674,0.0,5300,,846444,704104,353996,350108,147456
20.916906,0.0,5300,,846720,703828,353844,350108,147456
23.369566,0.27173913,5300,,846868,703680,353572,350108,147456
22.408964,0.0,5300,,847216,703332,353348,350108,147456
22.033897,0.0,5300,,847400,703148,353052,350096,147456
25.203253,0.0,5300,,847588,702960,352976,350108,147456
24.793388,0.0,5300,,847656,702892,352736,350156,147456
26.329786,0.26595744,5300,,847540,703008,352852,350156,147456
22.254335,0.0,5300,,847664,702884,352728,350156,147456
20.738636,0.0,5300,,847664,702884,352728,350156,147456
21.142857,0.0,5300,,847664,702884,352728,350156,147456
19.298246,0.29239765,5300,,847188,703360,353204,350156,147456
24.630543,0.0,5300,,847284,703264,353232,350156,147456
20.058996,0.0,5300,,846292,704256,354100,350156,147456
17.559525,0.29761904,5300,,846416,704132,353976,350156,147456
20.116617,0.0,5300,,846544,704004,353852,350152,147456
22.443182,0.0,5300,,846544,704004,353852,350152,147456
25.770308,0.5602241,5300,,846668,703880,353728,350152,147456
26.954178,0.0,5300,,846792,703756,353604,350152,147456
22.1902,0.0,5300,,846908,703640,353480,350160,147456
23.463688,0.0,5300,,847032,703516,353356,350160,147456
22.222221,0.0,5300,,847284,703264,353108,350156,147456
20.857143,0.0,5300,,847652,702896,352860,350160,147456
23.119778,0.0,5300,,847652,702896,352736,350160,147456
24.657534,0.2739726,5300,,847900,702648,352488,350160,147456
20.916906,0.8595989,5300,,847776,702772,352612,350160,147456
22.701149,0.0,5300,,847776,702772,352612,350160,147456
23.88889,0.0,5300,,847900,702648,352488,350160,147456
26.256983,0.0,5300,,848412,702136,351992,350144,147456
20.679886,0.0,5300,,848544,702004,351844,350160,147456
24.369747,0.0,5300,,847144,703404,353232,350172,147456
25.205479,0.0,5300,,847392,703156,352984,350172,147456
18.84058,0.28985506,5300,,847376,703172,352984,350188,147456
24.512535,0.0,5300,,847624,702924,352736,350188,147456
22.033897,0.0,5300,,847624,702924,352736,350188,147456
23.119778,0.0,5300,,847996,702552,352364,350188,147456
21.22905,0.2793296,5300,,848248,702300,352116,350184,147456
24.585636,0.0,5300,,848244,702304,352116,350188,147456
25.0,0.0,5300,,848492,702056,351868,350188,147456
25.54945,0.0,5300,,848492,702056,351868,350188,147456
19.428572,0.2857143,5300,,848492,702056,351868,350188,147456
19.308357,0.0,5300,,848244,702304,352116,350188,147456
23.958334,0.0,5300,,848372,702176,351992,350184,147456
21.965319,0.28901735,5300,,848492,702056,351868,350188,147456
23.88889,0.0,5300,,847748,702800,352612,350188,147456
20.916906,0.0,5300,,847996,702552,352364,350188,147456
17.971014,0.28985506,5300,,847664,702884,352416,350468,147456
24.722221,0.0,5300,,847840,702708,352240,350468,147456
23.69146,0.0,5300,,848088,702460,351992,350468,147456
20.930233,0.0,5300,,848212,702336,351868,350468,147456
19.770773,0.28653294,5300,,848460,702088,351620,350468,147456
18.89535,0.0,5300,,848464,702084,351620,350464,147456
20.520231,0.0,5300,,848708,701840,351372,350468,147456
21.408451,0.0,5300,,848708,701840,351372,350468,147456
21.6763,0.28901735,5300,,848720,701828,351372,350456,147456
20.809248,0.0,5300,,848832,701716,351248,350468,147456
25.543478,0.0,5300,,849076,701472,351000,350472,147456
19.710144,0.0,5300,,849448,701100,350628,350472,147456
22.12885,0.28011206,5300,,849820,700728,350256,350472,147456
18.128654,0.0,5300,,849936,700612,350132,350480,147456
23.268698,0.0,5300,,850184,700364,349884,350480,147456
23.595505,0.28089887,5300,,851324,699224,348744,350480,147456
22.096317,0.56657225,5300,,850928,699620,349140,350480,147456
23.076923,0.0,5300,,850928,699620,349140,350480,147456
19.298246,0.0,5300,,851052,699496,349016,350480,147456
20.639534,0.0,5300,,851052,699496,349016,350480,147456
25.479452,0.0,5300,,851300,699248,348768,350480,147456
22.096317,0.28328612,5300,,850184,700364,349884,350480,147456
21.59091,0.0,5300,,850820,699728,349264,350464,147456
22.727272,0.0,5300,,850404,700144,349664,350480,147456
20.630373,0.0,5300,,850432,700116,349636,350480,147456
22.739725,0.2739726,5300,,850432,700116,349636,350480,147456
22.281168,0.530504,5300,,850556,699992,349512,350480,147456
23.545706,0.0,5300,,850804,699744,349388,350480,147456
23.2493,0.0,5300,,849836,700712,350232,350480,147456
24.109589,0.0,5300,,850700,699848,349368,350480,147456
19.034853,0.0,5300,,850804,699744,349264,350480,147456
21.122995,0.0,5300,,850804,699744,349264,350480,147456
17.231638,0.0,5300,,850604,699944,349464,350480,147456
21.179625,0.0,5300,,850556,699992,349512,350480,147456
18.406593,0.0,5300,,850556,699992,349512,350480,147456
39.641945,0.25575447,5300,,838384,712164,357984,354180,147456
9.8404255,0.0,5300,,834108,716440,375860,340580,147456
3.7735848,0.0,5300,,833280,717268,376684,340584,147456
14.634147,0.0,5300,,833644,716904,375880,341024,147456
2.393617,0.26595744,5300,,833632,716916,375876,341040,147456
1.2787724,0.0,5300,,833536,717012,375952,341060,147456
5.0890584,0.0,5300,,829820,720728,379688,341040,147456
23.835617,0.0,5300,,827396,723152,376148,347004,147456
11.4754095,0.27322406,5300,,840880,709668,347288,362380,147456
7.068063,0.0,5300,,823572,726976,379932,347168,147456
22.53886,0.0,5300,,843832,706716,341516,365200,147456
16.483517,0.2747253,5300,,830948,719600,354552,365048,147456
11.256544,0.0,5300,,830832,719716,354640,365076,147456
0.78740156,0.0,5300,,830688,719860,354760,365100,147456
9.921671,0.0,5300,,830652,719896,354812,365084,147456
12.307693,0.25641027,5300,,829892,720656,355484,365172,147456
9.114583,0.0,5300,,827244,723304,353916,369388,147456
7.39726,0.0,5300,,826588,723960,354308,369652,147456
15.013405,0.536193,5300,,826204,724344,351676,372668,147456
15.104167,0.0,5300,,827936,722612,347940,374672,147456
14.397905,0.0,5300,,832404,718144,338360,379784,147456
7.216495,0.0,5300,,832660,717888,338112,379776,147456
2.5575447,0.25575447,5300,,830248,720300,340524,379776,147456
15.094339,0.0,5300,,830136,720412,340296,380116,147456
1.8229166,0.0,5300,,830164,720384,340220,380164,147456
24.543081,4.9608355,5300,,829208,721340,345228,376236,147456
6.0439563,2.1978023,5300,,828824,721724,338628,383096,147456
6.3492064,3.9682539,5300,,829240,721308,338256,383052,147456
4.266667,2.1333334,5300,,830012,720536,337504,383032,147456
4.9479165,1.8229166,5300,,830428,720120,336984,383136,147456
3.183024,2.122016,5300,,831264,719284,336148,383136,147456
15.681234,0.5141388,5300,,831376,719172,333336,385836,147456
6.878307,0.0,5300,,831592,718956,333160,385796,147456
4.4736843,0.0,5300,,831840,718708,332912,385796,147456
4.712042,0.2617801,5300,,832172,718376,332300,386076,147456
30.76923,0.0,5300,,845440,705108,302228,402880,147456
7.5,0.0,5300,,845660,704888,312024,392864,147456
24.671917,0.2624672,5300,,844580,705968,309404,396564,147456
23.834196,0.0,5300,,864284,686264,292396,393868,147456
29.539295,0.0,5300,,858488,692060,324492,367692,147456
7.162534,0.0,5300,,858608,691940,324176,367764,147456
20.27027,0.27027026,5300,,862648,687900,319684,368192,147456
68.6684,0.0,5300,,879528,671020,310576,360544,147456
48.77384,0.0,5300,,894620,655928,308932,347120,147456
59.640102,0.5141388,5300,,904900,645648,305996,339652,147456
77.77778,0.0,5300,,911464,639084,305420,333664,147456
50.131233,0.0,5300,,905880,644668,309572,335144,147456
54.52128,0.0,5300,,909640,640908,314496,326500,147456
51.60428,0.26737967,5300,,911816,638732,309964,328768,147456
61.70213,0.0,5300,,916092,634456,303980,330476,147456
74.677,0.0,5300,,917288,633260,308412,324896,147456
43.93241,0.30721965,5300,,922092,628456,309792,318712,147456
43.896103,0.0,5300,,922544,628004,307148,320856,147456
41.97861,0.0,5300,,924144,626404,309620,316784,147456
45.28302,0.0,5300,,924060,626488,309252,317236,147456
52.835052,0.0,5300,,928148,622400,308840,313560,147456
45.915493,0.0,5300,,928828,621720,307248,314472,147456
38.666668,0.0,5300,,929216,621332,309500,311832,147456
64.59948,0.0,5300,,923324,627224,317088,310136,147456
28.205128,0.25641027,5300,,927960,622588,321536,301052,147456
12.433863,0.0,5300,,922520,628028,327016,301012,147456
14.0625,0.0,5300,,919868,630680,331828,298852,147456
7.310705,0.2610966,5300,,919280,631268,327552,303716,147456
10.904255,0.0,5300,,919668,630880,327172,303708,147456
43.53562,0.0,5300,,918464,632084,327640,304444,147456
23.848238,0.0,5300,,917888,632660,322632,310028,147456
3.90625,0.26041666,5300,,918452,632096,322236,309984,147456
32.105263,0.0,5300,,918908,631640,316556,315084,147456
48.56397,0.0,5300,,913916,636632,321324,315308,147456
49.6063,0.0,5300,,913340,637208,321596,315612,147456
39.325844,0.0,5300,,913264,637284,321472,315812,147456
4.123711,0.25773194,5300,,913228,637320,321472,315848,147456
2.8277636,0.0,5300,,913220,637328,321472,315856,147456
6.2827225,0.0,5300,,911672,638876,322392,316484,147456
2.849741,0.0,5300,,910976,639572,323084,316488,147456
3.8860104,0.5181347,5300,,911000,639548,323060,316488,147456
3.8461537,0.0,5300,,910968,639580,323084,316496,147456
46.272495,0.0,5300,,917464,633084,311888,321196,147456
71.354164,0.0,5300,,920928,629620,325684,303936,147456
64.73684,0.0,5300,,918940,631608,327356,304252,147456
64.210526,0.0,5300,,919236,631312,326344,304968,147456
57.336956,1.0869565,5300,,919284,631264,327456,303808,147456
50.273224,0.27322406,5300,,919748,630800,326020,304780,147456
45.58011,0.0,5300,,920276,630272,325408,304864,147456
16.0,0.0,5300,,917384,633164,330748,302416,147456
48.01061,0.0,5300,,921168,629380,299148,330232,147456
46.321526,0.0,5300,,921744,628804,295180,333624,147456
47.0437,0.0,5300,,924272,626276,281924,344352,147456
41.71123,0.26737967,5300,,926560,623988,312608,311380,147456
53.54331,0.0,5300,,926072,624476,309328,315148,147456
66.92308,0.0,5300,,929288,621260,306112,315148,147456
43.53562,0.0,5300,,934116,616432,301172,315260,147456
39.845757,0.0,5300,,933544,617004,303848,313156,147456
34.510868,0.0,5300,,926768,623780,310628,313152,147456
27.748692,0.2617801,5300,,925128,625420,312280,313140,147456
23.453608,0.0,5300,,911516,639032,321156,317876,147456
17.241379,0.0,5300,,910252,640296,338216,302080,147456
4.255319,0.0,5300,,910324,640224,338164,302060,147456
9.919571,0.2680965,5300,,910276,640272,338040,302356,147456
23.237598,2.8720627,5300,,910368,640180,337104,303076,147456
8.310249,2.7700832,5300,,905368,645180,342096,303084,147456
8.625337,4.3126683,5300,,905208,645340,342256,303084,147456
2.6595745,2.1276596,5300,,905264,645284,342200,303084,147456
5.6910567,2.1680217,5300,,898320,652228,349144,303084,147456
2.3872678,1.856764,5300,,898688,651860,348776,303084,147456
11.382113,2.1680217,5300,,899820,650728,346892,303836,147456
3.916449,2.610966,5300,,899004,651544,347692,303852,147456
8.157895,4.4736843,5300,,899416,651132,347272,303860,147456
7.7540107,5.882353,5300,,898496,652052,348064,303988,147456
4.134367,3.359173,5300,,898496,652052,348064,303988,147456
5.793451,3.02267,5300,,898544,652004,348016,303988,147456
2.8205128,1.7948718,5300,,898496,652052,348064,303988,147456
1.0498688,2.3622048,5300,,897220,653328,349340,303988,147456
3.4946237,2.419355,5300,,897504,653044,349056,303988,147456
5.912596,2.0565553,5300,,897500,653048,349056,303992,147456
14.600551,0.5509642,5300,,896208,654340,350208,304180,147456
15.968586,0.0,5300,,896248,654300,358296,296040,147456
12.533334,2.1333334,5300,,896220,654328,357104,297224,147456